:020000040800F2
:10000000400F00202103000841510008055100085D
:100010003D51000825090008355F0008330300083A
:100020000000000000000000000000002153000854
:10003000FD0A000800000000455100082553000893
:100040003D0300083D0300083D0300083D03000890
:100050003D0300083D0300083D0300083D03000880
:100060003D0300083D0300083D0300083D03000870
:100070003D0300083D0300083D0300083D03000860
:100080003D0300083D0300083D0300083D03000850
:100090003D0300083D0300083D0300083D03000840
:1000A000010B00083D0300083D030008110B000888
:1000B0003D0300083D0300083D0300083D03000820
:1000C0003D0300083D0300083D0300083D03000810
:1000D0003D0300083D0300083D0300083D03000800
:1000E0003D0300083D0300083D0300083D030008F0
:1000F0003D0300083D0300083D0300083D030008E0
:100100003D0300083D0300083D0300083D030008CF
:100110003D0300083D0300083D0300083D030008BF
:100120003D0300083D0300083D0300083D030008AF
:100130003D0300083D0300083D0300083D0300089F
:100140003D0300083D0300083D0300083D0300088F
:100150003D0300083D0300083D0300083D0300087F
:100160000000000000000000C55E00083D0300081C
:100170003D0300083D0300083D0300083D0300085F
:100180003D0300083D0300083D0300080000000097
:10019000000000003D030008000000000000000017
:1001A00000000000000000003D0300083D030008BF
:1001B0003D0300083D0300083D0300083D0300081F
:1001C0003D0300083D03000800000000000000009F
:1001D0000000000000000000000000003D030008D7
:1001E0003D0300083D03000800000000000000007F
:1001F0003D0300083D0300083D0300080000000027
:10020000000000003D0300083D0300083D03000816
:100210003D0300083D0300083D0300083D030008BE
:100220003D03000800000000000000003D0300083E
:100230003D03000800000000000000000000000076
:100240000000000000000000000000003D03000866
:100250003D03000800F002F800F052F814A696E8FA
:10026000000CB244B344DA4501D100F049F8BAE8D1
:100270000F000FA696E83000A5EB040504EB060777
:10028000AAEB0704A7F101074FEA15154FEA34144A
:10029000A4F10104AC4201D300F032F813F0010FD5
:1002A00018BFFB1A43F0010300F001F8DBE7184721
:1002B000549F0000749F0000103A24BF78C878C192
:1002C000FAD8520724BF30C830C144BF04680C605C
:1002D000704700007047000000230024002500261E
:1002E000103A28BF78C1FBD8520728BF30C148BF99
:1002F0000B6070471FB509F0F9FE1FBD10B510BDAA
:1003000000F06BF91146FFF7F5FF06F051FF00F022
:1003100089F903B4FFF7F2FF03BC00F091F9000084
:100320000A4880470A480047FEE7FEE7FEE7FEE787
:10033000FEE7FEE7FEE7FEE7FEE7FEE7FEE700007A
:1003400004480549054A064B70470000F55300086C
:100350005502000840090020400F0020400B0020FB
:10036000400B002053EA020C00F069802DE9F04BAD
:100370004FF00006002B1FBFB3FA83F503FA05F414
:1003800024FA05F65E4012BF1643B2FA82F502FA6D
:1003900005F4C5F120051EBF22FA05FC44EA0C0451
:1003A000203556EA044C4FEA144418BF641C4FF041
:1003B00000084FF00009904271EB030C39D300297B
:1003C00019BFB1FA81F701FA07F6B0FA80F700FA1F
:1003D00007F6C7F120071EBF20FA07FC46EA0C0605
:1003E0002037B6FBF4FCA7EB0507103F07F01F0B07
:1003F000CBF120062CFA06F60CFA0BFB44BFB346F1
:100400000026202FA4BF5E464FF0000B5BEA060CCF
:1004100008BF4FF0010B19EB0B0948EB0608ABFBCB
:10042000027C06FB02CC0BFB03CCC01B71EB0C0166
:10043000C1E70B46024641464846BDE8F08B13B57E
:10044000084318BF4FF0FF300146AFF30080BDE80E
:100450001C407047032A40F2308010F0030C00F07B
:10046000158011F8013BBCF1020F624498BF11F8EE
:1004700001CB00F8013B38BF11F8013BA2F10402A7
:1004800098BF00F801CB38BF00F8013B11F003031F
:1004900000F07180083AC0F0088051F8043B083A37
:1004A00051F804CBA0E80810F5E7121D5CBF51F825
:1004B000043B40F8043BAFF30080D20724BF11F89F
:1004C000013B11F801CB48BF11F8012B24BF00F804
:1004D000013B00F801CB48BF00F8012B70474FF0FB
:1004E00000020429C0F0128010F0030C00F01B8001
:1004F000CCF1040CBCF1020F18BF00F8012BA8BF0F
:1005000020F8022BA1EB0C0100F00DB85FEAC17CD2
:1005100024BF00F8012B00F8012B48BF00F8012B85
:1005200070474FF0000200B51346944696462039B6
:1005300022BFA0E80C50A0E80C50B1F12001BFF49C
:10054000F7AF090728BFA0E80C5048BF0CC05DF802
:1005500004EB890028BF40F8042B08BF704748BF50
:1005600020F8022B11F0804F18BF00F8012B7047C4
:1005700070477047704710B5203AC0F00B80B1E863
:100580001850A0E81850B1E81850A0E81850203AC8
:10059000BFF4F5AF5FEA027C24BFB1E81850A0E8D1
:1005A000185044BF18C918C0BDE810405FEA827CEB
:1005B00024BF51F8043B40F8043B08BF7047D20702
:1005C00028BF31F8023B48BF11F8012B28BF20F8A3
:1005D000023B48BF00F8012B7047754600F02CF82D
:1005E000AE4605006946534620F00700854618B020
:1005F00020B5FFF7A5FEBDE820404FF000064FF004
:1006000000074FF000084FF0000BAC46ACE8C00903
:10061000ACE8C009ACE8C009ACE8C00921F00701AA
:100620008D46704710B50446AFF300802046BDE804
:100630001040FFF76EBE00000048704738000020F1
:1006400001491820ABBEFEE72600020070470000FB
:100650000146C06D836D826D13F0500F08D0D20635
:1006600048BF00F04BBC006D826E0846104700BFCB
:1006700042F40071816501680B68CA681B0703D4E6
:10068000910707D500F036BC12F4406FFAD1C96863
:100690008904F7D4816D21F480718165816DC9046D
:1006A00048BF00F027BC816D41F00101816500F079
:1006B00021BC0000C06D816D41F040018165C16DBC
:1006C00041F00401C16500F019BC0000C06D00F0EC
:1006D00013BC000070B582B0044600200190216870
:1006E0008A68D20711D14FF6C076C7F6FF768868C0
:1006F00006F17F0210420BD0A06D40F01000A06503
:10070000E06D40F00100E065012002B070BD00BF67
:100710008868304040F00100886048F20830C4F238
:1007200002200068000221D401F0E2FD21680A687D
:10073000D20717D1054602E00868C00712D18868C1
:10074000C00704D18868304040F00100886001F0A3
:10075000CFFD401B21680328EED30868C007EBD10A
:10076000CAE700BF002002B070BD00BF40F23400F5
:10077000C2F20000006842F663518009C0F23E51A7
:10078000A0FB01018809022101EB400001900198C2
:100790000028C9D001980138019001980028C3D0E1
:1007A00001980138019001980028BDD001980138C6
:1007B000019001980028B7D0019801380190019864
:1007C0000028E7D1B0E7000000281CBF6FF001004F
:1007D00070472DE9F04186B040F68C40C4F20240EB
:1007E0000268002442F0010202600268C4F202249E
:1007F00002F001020192019A026801AD42F0010289
:1008000002600268022702F001020192019A026965
:100810004FF0070842F40032026100690E4600F40E
:10082000003001900198042001900120039020469F
:10083000294602970497CDF8148001F089FC08201E
:10084000CDE9010720462946CDF8148001F080FC4F
:1008500040F2B040C2F20000314604F055FC0028DE
:1008600018BF6FF0030006B0BDE8F08170470000CC
:1008700000EB400040F24451C2F2000101EB800065
:1008800001F02ABC10B586B040F68C42C4F2024298
:100890001368044643F004031360126802F0040076
:1008A000019001984FF40050019040F600004FF085
:1008B0000202C4F202200392049239B30021C1F271
:1008C0001101029101A901F043FC04EB440040F244
:1008D0004451C2F2000101EB80040D21C0F200611D
:1008E000204601F0F3FB40F61D122046C0F6000240
:1008F000002101F01BFC18200F21002201F0A4FDB3
:10090000182001F08FFD002006B010BD00210291DB
:1009100001A901F01DFC002006B010BD0020FFF76A
:10092000A5BF0000FEE700002DE9F043D2F800C0AB
:10093000D0F808E0002953D0BEF1000F4FF00004BA
:1009400064D04FF6FC7311EA03094FF000074FF033
:10095000000300F0B58005684FF6FC732B40BEF134
:10096000020F4FF0010455D34B4553D04FF6FF749F
:1009700025EA040605274FF6FC7800BF46EA030483
:1009800054F82C50FC1E744505EA08054ED24D451E
:100990004CD046EA050353F82C30BC1E744503EADC
:1009A00008031AD24B4518D046EA030454F82C50D9
:1009B0007C1E744505EA080538D24D4536D046EA16
:1009C000050353F82C30774503EA080307F10404C4
:1009D00002D24B452746D1D1043C1F462B466FE03F
:1009E000BEF1000F1AD004684FF6FC75BEF101038A
:1009F00004EA050716D04FF6FF75AC43AEF10205C9
:100A0000032D03F0030813D230E000BF00270023BA
:100A100056E000BF1F46002352E000BF002300271E
:100A2000002456E00124002353E000BF2F4647E096
:100A300023F003054FF6FC7644EA070353F82C3005
:100A4000043D03EA060343EA040353F82C3003EAA7
:100A5000060343EA040353F82C3003EA060344EA8E
:100A6000030757F82C7007EA0607E5D13D46B8F1B1
:100A7000000F24D044EA050353F82C604FF6FC73B2
:100A8000B8F1010F06EA030604D1744637462B4637
:100A900016E000BF44EA060555F82C50B8F1020FE5
:100AA00003EA050304D174461F46334608E000BF3D
:100AB0001C4354F82C404FF6FC7504EA05077446B5
:100AC00039B14FF6FC7631408F421CBF0120BDE8A2
:100AD000F0834088946043EA004147EA0043516054
:100AE000D36053F82C1029B14FF6FC730004194061
:100AF000084310610020BDE8F0830000704700004B
:100B00000020FFF7B5BE000072B600BFFEE7000090
:100B100040F23840C2F2000001F0AAB9F0B581B04D
:100B20000022009290F85420012A03D102210846A5
:100B300001B0F0BD0123076880F85430BB685B0743
:100B400050D40B6848F2083C012BC4F2022C0AD0A6
:100B50000226C0F23046B3420FD1CE680025C4F25F
:100B60007F05AE4209D14FF6C056CFF6FF765CF84E
:100B7000065045F001054CF806504E681F22C6F39A
:100B8000012506F01F0607EB8505C3F384632C6B74
:100B9000B24024EA0202B3401A432A63BA68BB682F
:100BA00002F0040203F00803D21840F0BC800A6887
:100BB00007F11403C2F3406404268D6806EAD25E8E
:100BC00053F82460C2F304540722A240B5F1004F49
:100BD00026EA02060CD143F80E601A6842F0004380
:100BE0000EE000BF816D41F02001816501217BE1B4
:100BF00005FA04F2324343F80E201A6822F000434B
:100C00007B61D1E90435FE68042B5FD13A6E3A6E00
:100C10000B68C2F3846293FAA3F4B4FA84F5C3F3C5
:100C2000846E6FF31F532C46002B08BF7446A242FC
:100C30004FF6FF74C0F20F040CD13A6E22F000425E
:100C40003A660A6802EA0403C2F3846E92FAA2F2D8
:100C5000B2FA82F57A6E7A6E002BC2F384622E4667
:100C600008BF7646B2420CD17A6E22F000427A6614
:100C70000A6802EA0403C2F3846E92FAA2F2B2FA9C
:100C800082F5BA6EBA6E002BC2F384622E4608BF9C
:100C90007646B2420CD1BA6E22F00042BA660A68B9
:100CA00002EA0403C2F3846E92FAA2F2B2FA82F567
:100CB000FA6EFA6E002B08BF7546C2F38462AA4230
:100CC00031D1FA6E22F00042FA662CE0062202EAE6
:100CD000960207F16004D1F800E054F8236005FAA9
:100CE00002F24FF20005C0F2FF3535400EF0F84633
:100CF00032432A4342F0004244F823200A698B69B8
:100D000054F8226026F08076334344F822300A6992
:100D10000B7F54F82260012B26F0007608BF06F105
:100D2000007644F82260BA680C68D20752D1CA68CB
:100D3000D7F8B06023466FF31F5326EA030E4FF631
:100D4000FF7602F01805C0F20F0626FA05F52540D9
:100D500045EA0E060025C4F27F05AA42C7F8B06036
:100D600038D18BB194FAA4F2B2FA82F2013202F0D5
:100D70001E03092B02F01F030FD8012203EB4306C9
:100D80009A4042EA065315E0012202EB946202F017
:100D90001E030A2B02F01F03EFD303EB43020025CF
:100DA000CFF62065012605EB025206FA03F31A433B
:100DB00042F00073C3F34062C3F3045307EB8202B3
:100DC0008E68556907249C40A54306FA03F32B431C
:100DD00053610C680021C8F208010C4200F08380C6
:100DE000DCF800500021CCF221318C4205F0E0719A
:100DF00008BF15F4000215D00022C4F22932944233
:100E00004AD10022B2EB116F46D1ACF50272974283
:100E100069D1DCF8002022F0E072114341F08071CA
:100E20005FE000BFACF5427297425CD1DCF8002075
:100E300022F0E072114341F40001CCF8001040F2BE
:100E40003401C2F20001096842F663528909C0F216
:100E50003E52A1FB02129109022202EB41010091D4
:100E6000009900293FD00099013900910099D1B330
:100E70000099013900910099A9B3009901390091B5
:100E8000009981B3009901390091009900294FF030
:100E90000001E8D128E000BF0022CCF25272944257
:100EA00008BF15F4800211D0ACF542718F424FF0AB
:100EB000000119D00022C4F25A72944214D1D7F81A
:100EC000C81041F00101C7F8C8100CE0ACF542723F
:100ED000974208D1DCF8002022F0E072114341F47F
:100EE0008001CCF800100021002280F85420084630
:100EF00001B0F0BD7047000070470000704700006F
:100F0000B0B582B000210028019155D0816D39B96A
:100F1000044600F0F3F820460021E16584F85410FF
:100F20000268916889004FF6C071C5F6FF7102D55D
:100F300093680B4093609368DB002ED4936801F1B3
:100F40008051194041F08051916040F23401C2F269
:100F50000001096842F663538909C0F23E53A1FBC0
:100F600003139909022303EB410101910199A1B1F6
:100F7000019901390191019979B1019901390191E1
:100F8000019951B1019901390191019929B1019951
:100F90000139019101990029EAD19168C90011D460
:100FA000816D4FF0010E41F010018165C16D41F07E
:100FB0000101C16508E000BF4FF0010E704602B0AC
:100FC000B0BD00BF4FF0000E9368846D03F00403C2
:100FD00004F010041B19836D72D123F48173023362
:100FE00083659368DB071AD148F2083C4FF600543A
:100FF0004FF60063C4F2022CCFF6FF74CFF6FF73F6
:101000005CF804405CF803302343DB0707D14368F6
:10101000DCF8004024F47C142343CCF80030437EF9
:10102000846BD0E902C144EA433390F8204019436D
:1010300041EA0C0141EA0443012C06D1416A002433
:10104000CFF6FE7404EB41410B43846A24B1C16ABC
:1010500004F4787421430B43D16844F20704CFF6BB
:10106000F07421401943D1601169036B21F0406194
:1010700019431161916809072DD490F83430017E2D
:101080005B0090F83CC043EA8131D36844F202042B
:10109000A3431943D1601369BCF1010F18D140F289
:1010A000FD7123EA010CD0E91034D0E9121543EAAE
:1010B0000C0323431943294341F001030AE000BF15
:1010C00043F010024FF0010E8265704602B0B0BDD1
:1010D00023F0010313610169136B012923F00F034E
:1010E00002BFC16901390B431363826D012161F3B2
:1010F00001028265704602B0B0BD0000B0B5D4B048
:10110000044600256846D0215395CDE95155CDE9D7
:101110004F55FFF706FA206848F20011C4F2022189
:10112000884200F0A58048F20001C4F20221884202
:1011300040F0D480002001904FF4001000906846E9
:1011400002F002FB002818BFFFF7DEFC40F2CC11D2
:10115000C2F200010868421C002840F68C40C4F22C
:1011600002400A6008D1016841F4806101600168B1
:1011700001F48061349134990168002541F0010146
:10118000016000684FA900F00100349034980320FA
:10119000CDE94F000020C4F20220519500F0D8FFA5
:1011A0002120CDE934054FF40020CDE93905012097
:1011B00040F2E811CDE93D0034A8C2F20001CDE9CA
:1011C000365538953B954595CDE93F55CDE9415587
:1011D000439500F033F9002818BFFFF795FC40F263
:1011E000D01040F2E812C2F20000C2F20002002168
:1011F00000F016FC002818BFFFF786FC40F2D01064
:10120000C2F2000000F01EFD002818BFFFF77CFCB2
:1012100040F238405021C2F20000C4F202010160E5
:1012200000218122C0E90E11C0E91011826400F092
:101230006BFA002818BFFFF767FC40F23845C2F28E
:10124000000540F2D011C2F20001284600F07EFCF9
:10125000002818BFFFF758FC284610212565EC65CB
:1012600000F0E8FDD0B3FFF74FFC54B0B0BD00BFB5
:101270004FF4001000906846019502F065FA0028CE
:1012800018BFFFF741FC40F2CC11C2F20001086820
:10129000421C002840F68C40C4F202400A6008D18B
:1012A000016841F480610160016801F4806134915A
:1012B0003499016841F00101016000684FA900F014
:1012C00001003490349801204F900320509000206A
:1012D00051900020C4F2022000F03AFF54B0B0BD9B
:1012E0002DE9F0419CB048F20017C4F20227D7F86C
:1012F00008320668B668760703D490F85460012E69
:1013000004D102201CB0BDE8F08100BF03F01F042F
:101310000123092C80F8543056D8A34040F22126EE
:10132000334251D0884615460646FFF7D3F938B107
:10133000002086F8540001201CB0BDE8F08100BFF9
:101340003168B06D40F601739843324600F5807005
:10135000B0650CB1B94203D0906D20F48010906557
:10136000906D40F25164C0044FF0000044BFD06D56
:1013700020F00600D065106DC0F6000440F2CD6785
:10138000046640F2B564C0F60007C0F600044FF0F2
:10139000000CC0E919741C270F6082F854C04A6819
:1013A0002B4642F010024A60CA6842F00102CA604D
:1013B00090F8502012060FD48269012A1ED0022A0A
:1013C00008BF9D001BE000BF002180F854100120E1
:1013D0001CB0BDE8F08100BF406F0028ABD00168B1
:1013E0000029A8D001A800F0E3F80028A3D10798AD
:1013F000012815D0022808BFAD0012E05D00403181
:1014000042462B4600F008FE31684FF6C0738A68EA
:10141000C7F6FF731A4004328A601CB0BDE8F08141
:101420006D003146086D0968426F40311268C2E9AB
:101430000251C2F8108000F091FCE5E700284FF05F
:10144000010218BF002901D110467047B0B5D0E99C
:1014500004C2C369D0F818E01A43C36B1A4342EAC6
:101460000C0242EA0E020A6003789B0616D5D0E908
:1014700009C34FF07C75D0F82CE0846B05EB035367
:101480004FF47C7505EB0C1503F07C7344EA0E04F5
:1014900005F47C7523432B431A430A604268036BAF
:1014A00040F2FF252A401A434A60C368B3F5007F23
:1014B00005D0B3F5806F04D10578AD0601D51A4388
:1014C0004A60436B1A434A60436C43B1856C046CB9
:1014D00005F03F0544EA05452A431A434A60B0F83F
:1014E000683040F2000C8B600278C0F2FF7C9207FB
:1014F00022D5C56C4FF080540CEB054505EA0C0570
:101500002B438B60056D04EAD5054FF000542B4446
:101510008B60456D04EA95054FF080442B448B6049
:10152000856D04EA55052B448B60C56DB5F1FF3F11
:10153000DCBF03F100438B60036ECB60436E0B6135
:1015400003789B0702D4142323E000BF036D0CF142
:10155000C052002B48BF5B426FF35F334B61456D58
:101560002C04002D48BF05FB02F422401A434A61B7
:10157000836D0CF17844002B48BF5B429AB28A61BC
:10158000C36D1D04002B48BF03FB04F52A431C2335
:101590008A610022CA50006883074FF4E06358BF95
:1015A0004FF4A06318430862BDE8B040104670478E
:1015B00000284FF0010218BF002901D110467047E2
:1015C00091F820C042F20002C0F800C00B68C0F6DB
:1015D000004203F0080303610B6803F40023436136
:1015E0000B6803F0030383610B6803F44033C361AA
:1015F0000B68C3F30513013343620B68C3F3055350
:10160000013383620B6803F04023C3620B681A4006
:1016100082630A6802F4C052C2634B689A0509D417
:10162000DAB242604A79520754BF00224FF4806216
:1016300003E000BF4FF400724260C2604A685FEA94
:101640008C7302F4006282604A6802F440420264D1
:101650004A6802F040724264CA8802F03F02826423
:101660004A6802F0404202630A8982660CD4012271
:10167000C264CA680266096900224166C0E9142290
:10168000C0E916221046704780B54A896FF3DF2201
:101690000132C264CA6802660A6942664B696FF326
:1016A0005F330365B1F816C06FF35F3CC0F854C0F8
:1016B000D1F808E05FEACE0203D55A420265D1F8BC
:1016C00008E05FEA8E0244BFCCF100024265B1F847
:1016D00018E0C0F858E08A694FEA124CC0F85CC0C4
:1016E0008A68530003D5CEF1000282658A68B2F1A0
:1016F000FF3FBDE88040C4BF00207047CCF100012F
:10170000C165002070470000B0B5044600F0F0FD50
:10171000002C04BF0120B0BD00210546206884F8DC
:101720004C10022184F85410416941F006014161D6
:1017300020684169C9070BD000F0DAFD401B05287D
:10174000F6D9012003221021A16584F85420B0BDF0
:10175000D4E90E124F23C5F20203984242EA010275
:1017600040F24F31C5F202011CDC41F24F03C4F2DA
:101770000203984232DC40F24F23C4F20203984243
:101780005ADC40F24F13C4F20203984200F39480F3
:101790005023C4F20203984200F0E880D023C4F240
:1017A0000203E1E041F24F03C5F2020398422DDC4F
:1017B00040F24F23C5F2020398424FDC40F24F1330
:1017C000C5F20203984200F383805023C5F202035E
:1017D000984200F0CB80D023C4E000BF41F24F23F9
:1017E000C4F20203984245DC41F24F13C4F20203F3
:1017F000984277DC41F25003C4F20203984200F0B1
:10180000B58041F2D003C4F20203ADE041F24F23B0
:10181000C5F2020398423FDC41F24F13C5F20203C6
:1018200098426BDC41F25003C5F20203984200F08B
:101830009D8041F2D00395E040F24F33C4F20203A1
:10184000984265DC40F25023C4F20203984200F053
:101850008D8040F2D023C4F2020385E0884263DC2D
:1018600040F25023C5F20203984200F07F8040F21C
:10187000D02377E041F24F33C4F2020398425DDC9B
:1018800041F25023C4F2020398426FD041F2D023B8
:10189000C4F2020368E000BF41F24F33C5F2020315
:1018A000984257DC41F25023C5F2020398425DD0C2
:1018B00041F2D02356E000BF40F25013C4F20203BD
:1018C000984253D040F2D013C4F202034CE000BF60
:1018D00040F25013C5F20203984247D040F2D013B1
:1018E00040E000BF41F25013C4F2020398423DD0E1
:1018F00041F2D013C4F2020336E000BF41F25013AC
:10190000C5F20203984231D041F2D0132AE000BF61
:1019100040F25033C4F20203984227D040F2D03351
:10192000C4F2020320E000BF40F25033C5F20203CC
:1019300098421BD040F2D03314E000BF41F2503344
:10194000C4F20203984211D041F2D033C4F2020330
:101950000AE000BF41F2D033C5F20203984205D03D
:1019600041F25033C5F20203984201D1236C1A436D
:101970004369884223F4430342EA030242614FF081
:1019800000020264636C43648264C264026511DC19
:1019900041F24F31C4F2020188421BDC40F2503167
:1019A000C4F2020188422DD040F2D031C4F20201CB
:1019B00026E000BF41F24F31C5F20201884215DC3A
:1019C00040F25031C5F2020188421BD040F2D031C2
:1019D00014E000BF41F25031C4F20201884211D03C
:1019E00041F2D031C4F202010AE000BF41F2D0312D
:1019F000C5F20201884205D041F25031C5F2020120
:101A0000884202D10021416581650021C167A06C37
:101A1000012220650020A16584F85420B0BD00009B
:101A200000284FF0010318BF002A01D11846704763
:101A30004369012B04D10421012301611846704739
:101A40002DE9F04186B0036842EA01070E461F43C4
:101A5000002908BF1646002B18BF1E467740B7F571
:101A6000803F09D253B193F8206051B191F82070B2
:101A7000BE4206D028E000BF052126E029B191F83A
:101A8000206092F82070BE421ED102270773002703
:101A90000761176A00247E08CFF6010466F35964D3
:101AA00007F0020766F39A6407F10505A3B1E9B1EF
:101AB000904601AA019506460F46FEF735FFE8B1AC
:101AC0000620306102E000BF04210161012306B05D
:101AD000BDE8F04118467047E1B14FF6FC731A407B
:101AE0002243016041F82520022124E04FF6FC71D9
:101AF0001940214342F8251002601AE00399B268A8
:101B0000304691420AD1416861B14FF6FC721140F2
:101B1000214305E0026001210DE000BF57F82510C8
:101B200048F825104FF6FC7101EA0801214347F8F7
:101B30002510816801318160002301210361017357
:101B400006B0BDE8F04118467047000000284FF08D
:101B5000010218BF002901D110467047D0F850C0CB
:101B6000BCF1000FF8D090F8543090F85420022ABD
:101B700018BF052B06D140218165002180F84C104B
:101B8000012070470A7B022A04D101220A61104613
:101B9000704700BF036840F24F32C5F20202934221
:101BA00010DC41F24F32C4F2020293421ADC40F2DE
:101BB0005032C4F2020293422CD040F2D032C4F22E
:101BC000020225E041F24F32C5F20202934215DCD7
:101BD00040F25032C5F2020293421BD040F2D032A2
:101BE00014E000BF41F25032C4F20202934211D01D
:101BF00041F2D032C4F202020AE000BF41F2503298
:101C0000C5F20202934205D041F2D032C5F202027F
:101C100093420DD14B68BCF1810F03D123B14167D1
:101C200000207047002BFAD0042008610120704783
:101C30000A6892F820209207ECD503200861012061
:101C400070470000002804BF01207047016839B1C7
:101C500042684AB18A4204BF0020704707E000BFD3
:101C600002210161012070474269012A04D1042147
:101C700001610120704700BFF0B50222027300220B
:101C800002610A6A40F2000E5308CFF6010E63F3B8
:101C9000596E02F00202856863F39A6E531D4FF687
:101CA000FC72002D01EA020C47D0012D02D16546DD
:101CB00043E000BF4FF6FF726E1EAC1E21EA020227
:101CC000032C06F0030401D265461EE026F003064D
:101CD0004FF6FC77654600BF154355F82350043E88
:101CE00005EA070545EA020555F8235005EA070508
:101CF00045EA020555F8235005EA070545EA0205BD
:101D000055F8235005EA0705E6D1B4B1154355F857
:101D100023504FF6FC76012C05EA06050DD015433D
:101D200055F82350022C05EA060506D02A4352F83E
:101D300023204FF6FC7402EA04054FF6FF7221EAF5
:101D400002022A434EEA0C074160002142F8237048
:101D50000161012101730020F0BD000000285DD069
:101D6000436F002B5AD0016D002957D080B590F8F1
:101D70005410D0F800E00129DEF814C004D0022984
:101D80004ED11CF480314BD090F8541001293AD137
:101D900090F84C1001294FF002013BD0012280F84D
:101DA0004C2080F854101973002181651961DEF808
:101DB000141041F4BA41CEF81410416E29B1DEF886
:101DC000141041F40071CEF81410006F28B1DEF841
:101DD000140040F40050CEF8140018680022016A84
:101DE000CFF60102490861F3596261F39A624FF636
:101DF000FF7120EA0101CEF800104FF6FC71084097
:101E00001044CEF87C00DEF81400002140F0010000
:101E1000CEF81400BDE880400846704701207047A6
:101E200040218165002180F84C100121BDE88040EF
:101E300008467047024600284FF0010008BF70476F
:101E4000CB0612D5136840F6FF7223EA020203F5AF
:101E50007B63C3F3C41301F0110198401129516849
:101E600014BF21EA000008435060002070470000C2
:101E700010B504680C23214604F57B6263F30B0163
:101E8000C2F3C4120968D140C9074BD02169490582
:101E900044BF61695FEA415146D42169090544BFE5
:101EA00061695FEA015147D42169C90444BF61698E
:101EB0005FEAC14148D42169490444BF61695FEACE
:101EC000414149D42169890544BF61695FEA815173
:101ED0004AD42169890444BF61695FEA81414FD4D2
:101EE0002169C90544BF61695FEAC15164D4816D4C
:101EF000C1B101684A6942F002024A61012180F8D9
:101F0000541090F85020120644BF426F1173816E36
:101F10000022002980F84C2008BF10BDBDE8104009
:101F2000084700BF10BD00BF4FF48061E160816DC4
:101F300041F001018165B0E74FF40061E160816D1E
:101F400041F002018165AFE74FF48051E160816D9E
:101F500041F004018165AEE74FF48041E160816D9D
:101F600041F008018165ADE74FF40071E160426E18
:101F7000002AAED00446904720462468A9E700BF57
:101F80004FF40051E16090F8541004291ED16169AA
:101F9000012221F400516161616941F00201616136
:101FA00080F8542090F85010090603D5416F0A7349
:101FB0000021A164C16EABE790F85010090611D45E
:101FC000A16CD9B900F1540216E000BF052180F8D8
:101FD0005410026F002A3FF483AF04469047204616
:101FE00024687DE7E16F49B9A16C39B9012180F816
:101FF0005410416F01F10C02012111704FF4407136
:10200000E160016E0022002980F84C203FF46FAFA0
:102010000446884720466AE720B1D0F850C0BCF19A
:10202000000F01D00120704790F84CC0BCF1010FA7
:1020300004BF022070474FF0010C80F84CC090F8AC
:1020400054C0BCF1010F39D110B54FF0020C80F82B
:1020500054C04FF0000CC0F858C0D0F800C0D0F801
:1020600064E0DCF84840BEF1000FC3EA0403CCF89A
:1020700048304FF4FE43CCF80C30CCF84C10CCF880
:102080005020DCF8141041F4BA41CCF8141005D0FB
:10209000DCF8141041F40071CCF81410006F28B172
:1020A000DCF8140040F40050CCF81400DCF8140004
:1020B00040F00100CCF81400002010BD40218165E3
:1020C000002180F84C1001207047000000280EBF4E
:1020D0000120016000207047F0B581B0044600681F
:1020E000082202EA503542F20C07C4F2024700F01F
:1020F0001F01012057F8252000FA01F6164205D0ED
:1021000047F825606068002818BF8047381D50F8E0
:102110002510314208D040F82560A06820B101B0F8
:10212000BDE8F040004700BF01B0F0BD022906D075
:10213000012909D000291CBF0120704742600821F5
:1021400042500020704700BF0421425000207047D9
:102150000A68002A08BF70472DE9F04F83B000F1EC
:102160002003019347F67F73C0F22F0303EA902305
:102170004FF0000A4FF0010B00274FF0000C002534
:1021800000930BE00A68013532FA05F30CF1040CF8
:1021900007F102070AF1080A00F09A800BFA05F924
:1021A00012EA0902EED0D1F80480029248F010063B
:1021B000122E1BD16FF0030202EA5506DDF804B0BF
:1021C0000CF01C025BF80640D1F810800F2303FAD4
:1021D00002FE08F00F0324EA0E0403FA02F222437F
:1021E0004BF80620D1F804804FF0010B026803235E
:1021F000BB4008F0030EDC439A430EFA07F31A4380
:10220000B8F1120F02605BD80BFA08F212F0061F49
:1022100056D08368D1E902262340BE403343836011
:1022200043684FEA181623EA0903AE40334343607C
:10223000C368BA4023401A43C260029C5FEAC802E6
:10224000A0D542F2000E25F00302C4F2024E724401
:10225000D2F860800AF018060F23B34028EA03087A
:10226000009B03FA06F648EA06031366DEF80080D0
:102270004B6848EA0406DA0258BF28EA0406CEF89A
:102280000060DEF804809A0248EA040658BF28EA93
:102290000406CEF80460DEF884809A0348EA040657
:1022A00058BF28EA0406CEF88460DEF88020DB03FD
:1022B00042EA040658BF22EA0406CEF8806061E7CD
:1022C0008A68BEF1030F08BF012AB1D1B5E700BF8C
:1022D00003B0BDE8F04F70470069084018BF012007
:1022E000704700001823002A08BF2823C1507047F8
:1022F00040F63800C2F200000068704740F200412A
:10230000C4F20301086840F0010200200A6070472F
:1023100040F2100040F63801C2F20000C2F20001A3
:1023200000780A68104408607047000080B50320F8
:1023300000F0B6F802F0E0F840F62041C4F20241A5
:1023400009684AF2081201F00F01C0F60002515C60
:10235000C84040F23401C2F200010860042002F0DB
:1023600083FC0F2000F008F800281CBF012080BD6E
:1023700000F056F8002080BDB0B540F21005C2F262
:1023800000052978E1B304464EF21000CEF20000B9
:102390000068400710D402F0B5FC022824D00128C0
:1023A0001AD078BB40F23400C2F2000000682978ED
:1023B0004FF4FA5207E000BF40F23400C2F20000CE
:1023C00000684FF47A72B2FBF1F1B0FBF1F002F069
:1023D00087FCA8B91BE000BF28784FF47A71B1FBE5
:1023E000F0F04FF4FA4106E028784FF47A71B1FB2F
:1023F000F0F04FF40041B1FBF0F002F071FC30B1AD
:102400000120B0BD002002F06BFC0028F8D14FF095
:10241000FF302146002200F017F800206C60B0BDAC
:1024200070470000002848BF704700F01F010122DC
:10243000C0F34A1002FA01F14EF20012CEF200028D
:1024400042F820107047000010B54EF60C5CCEF23A
:10245000000CDCF80030C3F3022E8EF00704042CCD
:1024600028BF0424BEF103034FF0FF3E38BF002312
:102470000EFA04F4A14399400EFA03F39A43114370
:1024800000F00F0200F160430901043A03F56443D0
:102490006244002848BF02F10C03197010BD00000F
:1024A0004EF60C51CEF200010A684FF6FF031A40B7
:1024B00060F30A2242F0806040F0FD7008607047CF
:1024C00001220168C0F8D822002280F8CC22486D91
:1024D00040F001004865486D40F0020200204A6566
:1024E00070470000002804BF01207047F0B581B09C
:1024F000044690F8950228B9002084F894022046FA
:1025000000F01CF9032084F89502206803F0F6FC23
:1025100094E80F00267C009603F0C4FC002840F0ED
:10252000F4802068002103F0F3FC002840F0ED80E7
:1025300094F804E0BEF1000F00F0E0800EF0030C10
:10254000BEF1040F4FF0000238D30EF0FC03A4F1EB
:10255000A0000321012500BFCE1E80F8B4608E1EAE
:1025600080F8DC604E1E80F8046180F82C110E1D8E
:10257000013180F8B55080F8B720C0E93122C0F8A9
:10258000CC2080F8DD5080F8DF20C0E93B22C0F885
:10259000F42080F8055180F80721C0E94522C0F8F1
:1025A0001C2180F82D5180F82F21C0E94F22C0F85E
:1025B0004421A03099423146CED1F21EBCF1000F29
:1025C0002ED002EB820104F1140000EBC1050123BF
:1025D00000F831200021BCF1010F6B70E970C5E9F2
:1025E0000411A9611CD0551C05EB8506BCF1020F36
:1025F00000EBC60700F836507B70F970C7E904118C
:10260000B9610DD0911C01EB8102012500EBC203E1
:1026100000F8321000205D70D870C3E904009861A2
:10262000BEF1000F6AD0BEF1040F4FF0000235D3A7
:102630000EF0FC0003212346CF1E83F854718F1E39
:1026400083F87C714F1E83F8CC110D1D013183F886
:10265000552183F85721C3E95922C3F86C2183F827
:102660007D2183F87F21C3E96322C3F8942183F895
:10267000A52183F8A47183F8A721C3E96D22C3F8CB
:10268000BC2183F8CD2183F8CF21C3E97722C3F899
:10269000E421A03381422946CED1EA1EBCF1000FCD
:1026A0002CD002EB820304F5AA7000EBC3070021D3
:1026B000BCF1010F797000F83320F970C7E90411FB
:1026C000B9611BD0531C03EB8307BCF1020F00EB75
:1026D000C70600F837307170F170C6E90411B161B6
:1026E0000CD0911C01EB8102002700EBC20300F823
:1026F00032105F70DF70C3E904779F6194E80F00C8
:10270000277C009703F0EAFB30B1022084F89502A1
:10271000012001B0F0BD00BF00206074012084F8EA
:102720009502207B012804BF2046FFF7C9FE2068E0
:1027300003F0CCFB002001B0F0BD000010B5B6B036
:10274000044602A80830C821FDF7EBFE206846F2D7
:102750000001C4F20101884202D036B010BD00BFB2
:1027600010200390002002903020339002A800F047
:10277000EBFF002818BFFEF7C7F900F00FF840F68E
:10278000A440C4F20240016841F080710160006819
:1027900000F080700190019836B010BD40F638000E
:1027A000C4F20240016841F000710160704700000E
:1027B00010B540F6284CC4F2024CDCF80C20DCF8D2
:1027C00000E0DCF80010C1F30523DCF80010DCF8B1
:1027D0001040002B3CD0E408C90604EAE1716FF315
:1027E0005F3100EE101A0EF003016FF35F22B8EEB6
:1027F000400ADFE801F00303333900BF5CF8281C0E
:1028000049F20004C1F3C101C0F2D03424FA01F14D
:1028100001EE101A02EE103AB8EE411AB8EE422A52
:102820009FED493A81EE021A02EE102A20EE030AC9
:10283000B8EE422A30EE020AB7EE002A30EE020A63
:1028400020EE010A5CF8281C89012DD528E000BF84
:102850000021C0E90011816010BD00BF01EE103AF7
:102860009FED3B2A04E000BF01EE103A9FED372AAE
:10287000B8EE411A82EE011A02EE102A9FED323AAA
:10288000B8EE422A20EE030A30EE020AB7EE002A22
:1028900030EE020A21EE000A5CF8281C890103D5FB
:1028A000DCF80010C90307D4002101605CF8281C83
:1028B000890115D418E000BFDCF80C10C1F34621E3
:1028C000013101EE101AB8EE411A80EE011ABCEE89
:1028D000C11A11EE101A01605CF8281C890103D599
:1028E000DCF80010890301D400210EE0DCF80C10A4
:1028F000C1F30641013101EE101AB8EE411A80EE23
:10290000011ABCEEC11A11EE101A41605CF8281CC5
:10291000890144BFDCF800105FEA413102D4002194
:10292000816010BDDCF80C10C1F30661013101EECD
:10293000101AB8EE411A80EE010ABCEEC00A10EE81
:10294000101A816010BD00BF0000003920BCBE4BD2
:102950000024744A10B540F62C4CC4F2024CDCF84A
:102960001020DCF800E0DCF80010C1F30523DCF8EF
:102970000010DCF81440002B3CD0E408C90604EA3F
:10298000E1716FF35F3100EE101A0EF003016FF387
:102990005F22B8EE400ADFE801F00303333900BFDD
:1029A0005CF82C1C49F20004C1F3C101C0F2D03420
:1029B00024FA01F101EE101A02EE103AB8EE411AB3
:1029C000B8EE422A9FED493A81EE021A02EE102A31
:1029D00020EE030AB8EE422A30EE020AB7EE002AD1
:1029E00030EE020A20EE010A5CF82C1C09012DD5FC
:1029F00028E000BF0021C0E90011816010BD00BFC8
:102A000001EE103A9FED3B2A04E000BF01EE103AC0
:102A10009FED372AB8EE411A82EE011A02EE102A13
:102A20009FED323AB8EE422A20EE030A30EE020A57
:102A3000B7EE002A30EE020A21EE000A5CF82C1CE8
:102A4000090103D5DCF80010C90307D40021016097
:102A50005CF82C1C090115D418E000BFDCF810103C
:102A6000C1F34621013101EE101AB8EE411A80EE91
:102A7000011ABCEEC11A11EE101A01605CF82C1C90
:102A8000090103D5DCF80010890301D400210EE010
:102A9000DCF81010C1F30641013101EE101AB8EE56
:102AA000411A80EE011ABCEEC11A11EE101A4160F3
:102AB0005CF82C1C090144BFDCF800105FEA4131CE
:102AC00002D40021816010BDDCF81010C1F3066152
:102AD000013101EE101AB8EE411A80EE010ABCEE87
:102AE000C00A10EE101A816010BD00BF000000394E
:102AF00020BCBE4B0024744A10B540F6304CC4F2E2
:102B0000024CDCF81420DCF800E0DCF80010C1F323
:102B10000523DCF80010DCF81840002B3CD0E4085A
:102B2000C90604EAE1716FF35F3100EE101A0EF08E
:102B300003016FF35F22B8EE400ADFE801F0030300
:102B4000333900BF5CF8301C49F20004C1F3C10105
:102B5000C0F2D03424FA01F101EE101A02EE103A5C
:102B6000B8EE411AB8EE422A9FED493A81EE021AB8
:102B700002EE102A20EE030AB8EE422A30EE020AD4
:102B8000B7EE002A30EE020A20EE010A5CF8301C93
:102B900089002DD528E000BF0021C0E90011816027
:102BA00010BD00BF01EE103A9FED3B2A04E000BFCC
:102BB00001EE103A9FED372AB8EE411A82EE011A63
:102BC00002EE102A9FED323AB8EE422A20EE030AB6
:102BD00030EE020AB7EE002A30EE020A21EE000AB9
:102BE0005CF8301C890003D5DCF80010C90307D459
:102BF000002101605CF8301C890015D418E000BF8A
:102C0000DCF81410C1F34621013101EE101AB8EEC0
:102C1000411A80EE011ABCEEC11A11EE101A0160C1
:102C20005CF8301C890003D5DCF80010890301D45E
:102C300000210EE0DCF81410C1F30641013101EE71
:102C4000101AB8EE411A80EE011ABCEEC11A11EE4C
:102C5000101A41605CF8301C890044BFDCF8001099
:102C60005FEA413102D40021816010BDDCF814100C
:102C7000C1F30661013101EE101AB8EE411A80EE7F
:102C8000010ABCEEC00A10EE101A816010BD00BF30
:102C90000000003920BCBE4B0024744A80B584B0CB
:102CA0004FF6FF730246C0F23F0300209B1A70EB01
:102CB0000103C0F2618041F6FF739B1A70EB0103C0
:102CC000C0F29080B2F1010E61F1000CDEF11F0341
:102CD0004FF0000373EB0C03C0F0CE81DFE81EF071
:102CE0002000A6029A03EA019A039A039A03460275
:102CF0009A039A039A039A039A039A039A03760211
:102D00009A039A039A039A039A039A039A039A03DB
:102D10009A039A039A039A039A039A039A03160250
:102D200040F60040C4F20240D0F8D81011F007017C
:102D300000F000840268012903D112F0006240F023
:102D40001D840268022903D112F0005240F0D3839F
:102D500003680268032903D113F0020340F0A98439
:102D6000042903D112F4007240F0D584D0F8F000A9
:102D7000052900F063BC00BF6FF040439B1A70EB65
:102D800001036FDA072940F3CD80B1F5007F80F2AF
:102D9000218181F00803134300F0EC8281F01001DF
:102DA000114340F0378340F60040C4F20240D0F8AF
:102DB000E41001F03001102900F0DA8302682029C4
:102DC00003D112F0005240F09683006810F40050D6
:102DD0001CBF46F60040C0F2DC20302918BF00209E
:102DE00018E300BF4FF6FF739B1A4FF0000C7CEB0B
:102DF000010380F2BB804FF6FF73C0F203039B1AFE
:102E00007CEB0103C0F2028182F480330B4300F0BB
:102E1000E58282F40032114340F0FC8240F600402B
:102E2000C4F20240D0F8DC10C1F30221052900F2FF
:102E3000AB83DFE811F0390105037903CD03C30348
:102E4000070000BFD0F8E810036802689B0701F094
:102E5000404102D5002900F02C84920500F136840F
:102E600000F037BC6FF078439B1A4FF000038B41A2
:102E700024DB82F480030B4300F0568282F000735F
:102E80000B4300F0F98182F08062114340F0C2826E
:102E900040F60040C4F20240D0F8E810026801F0A9
:102EA0003001920440F14C83002940F0498346F6FA
:102EB0000040C0F2DC2004B080BD00BF82F000639F
:102EC0000B4300F03B8282F080530B4300F00682FC
:102ED00082F00052114340F09D8240F60041C4F25E
:102EE0000241D1F8E000C0F38212042A00F24C83C0
:102EF00048F20000C0F2BB00DFE812F03A03A20281
:102F000036028C02060000BFD1F8E8200B68086882
:102F10009B0702F0404240F10282002A00F0A083A9
:102F2000FDE100BF82F080430B4300F0CB8281F0D3
:102F30000203134300F08A8281F00401114340F040
:102F4000698240F60040C4F20240D0F8E810006800
:102F5000800301F4407040F10583002840F00283B3
:102F600047F64000C0F27D1004B080BD82F40053EB
:102F70000B4300F0C78282F480430B4300F07E8253
:102F800082F40042114340F0458240F60040C4F212
:102F90000240D0F8E41001F44011B1F5801F00F0B8
:102FA000C382002900F0808002680068B1F5001F2C
:102FB00003D112F0020240F0538310F400701CBFE2
:102FC00040F60010C0F23D00B1F5401F18BF0020D0
:102FD00004B080BD81F40073134300F0E78181F4F5
:102FE0008051114340F0168240F60041C4F2024184
:102FF000D1F8E40000F04060B0F1806F00F09482FE
:10300000002851D00A68B0F1006FF9E182F4802302
:103010000B4300F0018282F40012114340F0FA8168
:1030200040F60040C4F20240D0F8E81001F0070179
:10303000022900F01D82012900F0DC82002900F045
:1030400011820268032902D112F4003288D1026889
:103050000068042903D112F0020240F0018310F449
:1030600000701CBF40F60010C0F23D00052918BFDB
:10307000002004B080BD00BF82F48052114340F0B4
:10308000C98140F60040C4F20240D0F8E01001F0DF
:10309000E061B1F1007F00F02E82B1F1807F00F09D
:1030A0006D82002940F0B88204B0BDE8804001F094
:1030B000FFB900BF40F60040C4F20240D0F8D8107B
:1030C00011F4E07100F02A820268402903D112F065
:1030D000006240F053820268802903D112F000524E
:1030E00040F0098203680268C02903D113F002038B
:1030F00040F0DF82B1F5807F03D112F4007240F01E
:103100000A83D0F8F000B1F5A07F97E240F60040C6
:10311000C4F20240D0F8D81011F4603100F0FE8102
:103120000268B1F5004F03D112F0006240F0268230
:103130000268B1F5803F03D112F0005240F0DB810C
:1031400003680268B1F5C03F03D113F0020340F0F9
:10315000B082B1F5003F03D112F4007240F0DB827F
:10316000D0F8F000B1F5203F68E200BF40F6004023
:10317000C4F20240D0F8D81011F4606100F0CE81A2
:103180000268B1F5007F03D112F0006240F0F681D1
:103190000268B1F5806F03D112F0005240F0AB81AC
:1031A00003680268B1F5C06F03D113F0020340F069
:1031B0008082B1F5006F03D112F4007240F0AB824F
:1031C000D0F8F000B1F5206F38E200BF40F60040C3
:1031D000C4F20240D0F8D81011F4E04100F09E8112
:1031E0000268B1F5805F03D112F0006240F0C68141
:1031F0000268B1F5005F03D112F0005240F07B810C
:1032000003680268B1F5405F03D113F0020340F098
:103210005082B1F5804F03D112F4007240F07B82EE
:10322000D0F8F000B1F5A04F08E200BF40F6004032
:10323000C4F20240D0F8D81011F0380100F06E81CD
:103240000268082903D112F0006240F0978110292A
:1032500000F0518103680268182903D113F00203BA
:1032600040F02782202903D112F4007240F05382EB
:10327000D0F8F0002829E1E140F60041C4F2024113
:10328000D1F8F000D1F8F020920700F4407203D595
:10329000B2F5807F00F06181D1F8F000000103D524
:1032A000B2F5007F00F07D80086880034FF00000D9
:1032B00040F1B080B2F5407F40F0AC80C86910F4B6
:1032C000785F00F06181C86947F64001C0F30520CE
:1032D000C0F27D11B1FBF0F004B080BD40F60041BA
:1032E000C4F20241D1F8E000C0F3C202042A00F2A5
:1032F0004B8148F20000C0F2BB00DFE812F0390158
:10330000A10035008B000500D1F8E8200B680868A3
:103310009B0702F0404202D5002A00F0A1818005FF
:1033200000F1F681FEE100BF40F60040C4F2024029
:10333000D0F8E400400640F11B8199E040F60041DE
:10334000C4F20241D1F8E00000F00702042A00F2C2
:103350001B8148F20000C0F2BB00DFE812F0090157
:10336000710005005B00770101A8FFF7C5FB01981C
:1033700004B080BD40F60040C4F20240D0F8E8102E
:10338000D0F8F02001F0C001920702D5002900F02A
:10339000E480D0F8F020120140F12281402940F071
:1033A0001F814FF4FA4004B080BD00BF40F60041D9
:1033B000C4F20241D1F8E800D1F8F02000F0080092
:1033C000920702D5002800F0C880D1F8F01000283C
:1033D00018BF4FF4FA4001F00061AFE140F6004140
:1033E000C4F20241D1F8E40000F04070B0F1807FF7
:1033F00000F09A80002800F091800A68B0F1007F08
:103400004FF0000006D112F0020203D00868C0F3AA
:10341000C10050E104B080BD40F60040C4F202405B
:10342000D0F8DC10C1F30231052900F2AD80DFE8ED
:1034300011F0750007007B00CF00C500370100BF09
:1034400001A8FFF787FA019804B080BD40F600405C
:10345000C4F20240D0F8E41001F00301DFE801F00B
:10346000028808D004B0BDE8804000F0C1BF00BFB2
:1034700001A8FFF76FFA039804B080BD40F6004042
:10348000C4F20240D0F8E41001F44021B1F5802FDD
:103490004AD0002942D002680068B1F5002F03D15C
:1034A00012F0020240F0DC8010F400701CBF40F605
:1034B0000010C0F23D00B1F5402F18BF002004B04D
:1034C00080BD00BF40F60040C4F20240D0F8E010DA
:1034D00011F460612ED00268B1F5007F02D112F0C4
:1034E00000624BD10268B1F5806F40F0BD8012F0F0
:1034F000005200F0B98001A8FFF7FEFA029804B06C
:1035000080BD00BF40F60040C4F20240D0F8E41095
:1035100001F44031B1F5803F06D0C9BB04B0BDE82D
:10352000804000F07DBF00BF01A8FFF7E5FA0398D7
:1035300004B080BD04B0BDE8804000F095BF00BF7E
:103540000268920101D5102912D0D0F8F02092071C
:1035500040F1CC80202940F0C9804FF4004004B0F5
:1035600080BD00BFB0F5007F08D0B0F5807F0BD1E3
:1035700001A8FFF71DF9029804B080BD01A8FFF76C
:10358000E9F9029804B080BD002004B080BD00BFFE
:1035900002680068B1F5003F02D112F002025FD16B
:1035A00010F400701CBF40F60010C0F23D00B1F5F1
:1035B000403F18BF002004B080BD00BFD0F8F0002D
:1035C0004FF4FA41000101EAE07004B080BD00BF91
:1035D000D0F8F0004FF4004101EA803004B080BD23
:1035E0000068802900F400724FF0000008BF48F224
:1035F000120085E004B0BDE8804000F07DBF00BF50
:10360000D0F8E810036802689B0701F040415BD5E1
:1036100000294ED058E000BF03680268B1F1407F36
:1036200002D113F0020344D1B1F1806F02D112F440
:10363000007270D1D0F8F000B1F1A06F00F002027A
:103640004FF0000008BF900304B080BDD1F8E8201F
:103650000B6808689B0702F0404257D5002A55D1F5
:10366000C0F3C10027E000BF03680268B1F5C06F76
:1036700002D113F002031CD1B1F5006F02D112F494
:10368000007248D1006810F400301CBF47F64000BB
:10369000C0F27D10B1F5206F18BF002004B080BDCE
:1036A000D0F8E810036802689B0701F040410BD591
:1036B00051B9C2F3C10049F20001C0F2D03121FA80
:1036C00000F004B080BD00BF920502D5B1F1804F7B
:1036D00021D00068B1F1004F00F400324FF000003B
:1036E00004BF47F64000C0F27D1009E0D0F8F000BA
:1036F000302900F000624FF0000008BF4FF4FA409C
:10370000002A08BF104604B080BD00BF800509D55F
:10371000B2F1804F06D140F60010C0F23D0004B077
:1037200080BD00BF0868B2F1004F00F400314FF0D7
:10373000000004BF47F64000C0F27D10002908BF1A
:10374000084604B080BD00002DE9F047044600683B
:1037500040F62848C101C4F2024807D5D8F8C01085
:10376000A26D21F040411143C8F8C010C00712D02B
:10377000E06D052800F25482DFE810F00600B40482
:10378000EA01060006000600D8F8B01021F0070193
:103790000843C8F8B00000252078800702D42846E6
:1037A0001BE000BF206E4FEAF001052900F23A82CB
:1037B0002846DFE811F00700A304D701070007003F
:1037C000070000BF064648B9D8F8B000216E20F0C7
:1037D00038000843C8F8B00000202E462178490779
:1037E00019D5616E4FEAB111052900F22382DFE895
:1037F00011F007008B04BF0107000700070000BF9E
:10380000054648B9D8F8B000616E20F4E07008436E
:10381000C8F8B000002035462178090719D5A16EF7
:103820004FEA7121052900F20D82DFE811F007004F
:103830007304A70107000700070000BF064648B948
:10384000D8F8B000A16E20F460600843C8F8B0005A
:1038500000202E462178C90619D5E16E4FEA313194
:10386000052900F2F781DFE811F007005B048F0102
:1038700007000700070000BF054648B9D8F8B000A8
:10388000E16E20F4E0400843C8F8B000002035465F
:103890002178890619D5216F4FEAF131052900F207
:1038A000E181DFE811F0070043047701070007001A
:1038B000070000BF064648B9D8F8B000216F20F4D1
:1038C00060300843C8F8B00000202E466178C90671
:1038D00019D5616F4FEA3161052900F2CB81DFE82C
:1038E00011F007002B045F0107000700070000BF6D
:1038F000054648B9D8F8B800616F20F0E060084389
:10390000C8F8B80000203546617889061AD5A16F3D
:103910006FF0010202EB3142022A08D34FEA314133
:1039200029B101292ED104F1300001F083FC0646B3
:1039300048B9D8F8BC00A16F20F440300843C8F85B
:10394000BC0000202E466178490620D5E16F6FF05B
:10395000010202EBB142022A08D34FEAB14129B178
:10396000012937D104F1300001F064FC054678B933
:10397000D8F8BC00E16F20F440200843C8F8BC0030
:10398000002004E00120012661784906DED4354696
:103990006178090623D5D4F880106FF0010202EB9C
:1039A0003152022A08D34FEA315129B1012939D1C4
:1039B00004F1300001F03EFC064688B9D8F8BC009E
:1039C000D4F8801020F440100843C8F8BC00002050
:1039D00005E000BF0120012561780906DBD42E46F1
:1039E000A178C90723D0D4F88410002918BFB1F1F9
:1039F000007F0DD10746D8B9D8F8BC00D4F88410A0
:103A000020F040700843C8F8BC0000200FE000BF61
:103A1000B1F1807F30D104F1300001F00BFC07469A
:103A200030B9E9E701200126A178C907DBD1374683
:103A30006179C90625D5D4F88810002918BFB1F1DD
:103A4000006F0DD10546E8B9D8F8BC00D4F888104D
:103A500020F040600843C8F8BC00002011E000BF1F
:103A6000B1F1806F40F0708004F1300001F0E2FBB2
:103A7000054638B9E8E700BF012001276179C9068A
:103A8000D9D43D46D4E9001240F61C47C4F202479F
:103A9000120508D53A6822F400423A60D4F8C820EA
:103AA0003B681A433A6089031AD5D4F88C104FEA60
:103AB0003121052900F2E680DFE811F00600440319
:103AC0007800060006000600064650B9D8F8B40093
:103AD000D4F88C1020F4E0600843C8F8B40000204B
:103AE0002E46A17849071BD5D4F890104FEA313102
:103AF000052900F2CF80DFE811F007002B035F00FB
:103B000007000700070000BF054650B9D8F8B40009
:103B1000D4F8901020F4E0400843C8F8B400002026
:103B20003546A17889065ED5D4F8A010052900F2A3
:103B3000B980022946D0002802464AD0D4E90013B1
:103B40009B0555D4B4E000BF012001259AE700BFD2
:103B500004F1300001F06EFB054600287FF41CAE36
:103B6000C8E200BF04F1300001F064FB2AE600BFA8
:103B700004F1300001F05EFB42E600BF04F13000CA
:103B800001F058FB5AE600BF04F1300001F052FB8F
:103B900072E600BF04F1300001F04CFB8AE600BF82
:103BA00004F1300001F046FBA2E600BF04F1300052
:103BB00001F040FB88E700BF04F1300001F03AFB60
:103BC000A2E700BF04F1080001F0BEFA0028024697
:103BD000B4D1D8F8C000D4F8A01020F007000843F2
:103BE000C8F8C00000202A46D4E900139B055FD521
:103BF000D4F8A43043F00806082E0BD1814660B9F2
:103C0000D8F8C00020F008001843C8F8C000002011
:103C10004EE000BF01204FF0010989014BD4A6E01E
:103C20000125B9E501200126217849073FF5D9ADE5
:103C3000F1E500BF01200125217809073FF5EFAD2F
:103C400007E600BF012001262178C9063FF505AE31
:103C50001DE600BF01200125217889063FF51BAE36
:103C600033E600BF012001266178C9063FF531AE79
:103C700049E600BF01200125617889063FF547AE7E
:103C800060E600BF01200126A17849073FF52CAF6F
:103C900046E700BF01200125A17889063FF544AF22
:103CA000A1E700BF01200122D4E900139B059FD4A6
:103CB000914689015BD54FF60846CFF6FF768246DE
:103CC000B85940F00100B851FEF712FB054600BF9D
:103CD000B859C00708D1FEF70BFB401B0228F7D9E3
:103CE0000320032144E000BF5046BAF1000F5146C3
:103CF0003ED1D8F8C80010F4407018D0D4F8BC10E9
:103D0000884211D0D8F8C800D8F8C81020F4407004
:103D100041F48031C8F8C810D8F8C81021F48031B7
:103D2000C8F8C810C8F8C800C00740F01D82D4F811
:103D3000BC0039684FF6CF7300F4407221F47C5117
:103D4000C0F2FF0303EA1013B2F5407F08BF194326
:103D50003960D8F8C8106FF31F3021F44071C8F8EB
:103D6000C810D8F8C8100843C8F8C8000020494651
:103D7000226853011CD5D4F898306FF0010707EB87
:103D80003317022F0AD34FEA33173FB1012F17D150
:103D9000D8F8007047F40037C8F80070054640B9FD
:103DA000D8F8C00020F030001843C8F8C000002048
:103DB0000D46510208D42E46E178090714D451E08B
:103DC000012001255102F6D5D4F89C10402921D0BC
:103DD00091BBD8F8001041F40031C8F80010064635
:103DE000F8B1E17809073DD5D4F8AC10042900F208
:103DF0005F81DFE811F005003F0127002B002B0059
:103E0000D8F8001041F40031C8F80010054650BB46
:103E10001EE000BF04F1080001F096F900280646F4
:103E2000DFD1D8F8BC00D4F89C1020F04000084343
:103E3000C8F8BC000020BEE701200126E178090790
:103E4000D2D40FE004F1300001F0F4F9054650B986
:103E5000D8F8B800D4F8AC1020F007000843C8F830
:103E6000B80000203546E178C90627D5D4F8B0104F
:103E70004FEAF101042900F21F81DFE811F005008B
:103E800005010F0013001300D8F8001041F40031B1
:103E9000C8F80010064690B906E000BF04F13000F3
:103EA00001F0C8F9064650B9D8F8B800D4F8B010F7
:103EB00020F038000843C8F8B80000202E46E1780A
:103EC000890627D5D4F8B4104FEAB111042900F2BD
:103ED000F780DFE811F00500E3000F001300130086
:103EE000D8F8001041F40031C8F80010054690B928
:103EF00006E000BF04F1300001F09CF9054650B91E
:103F0000D8F8B800D4F8B41020F4E0700843C8F82A
:103F1000B80000203546E17849061BD5D4F8B81022
:103F20004FEA7121052900F2D580DFE811F0070082
:103F30001701CD0007000700070000BF064650B973
:103F4000D8F8B800D4F8B81020F460600843C8F876
:103F5000B80000202E46217989071BD5D4F8A81077
:103F6000032900F28380DFE801F00903770900BF2D
:103F7000D8F8001041F40031C8F80010054650B9D7
:103F8000D8F8BC00D4F8A81020F003000843C8F803
:103F9000BC00002035462179490721D5D4F894107A
:103FA00059B1B1F5007F0BD0B1F5807F3CD1D8F885
:103FB000001041F40031C8F80010064688B905E049
:103FC00004F1080001F0C0F8064650B9D8F8C00066
:103FD000D4F8941020F440700843C8F8C0000020C2
:103FE0002E462179C90624D5D4F8C410302909D029
:103FF000202909D010292DD1D8F8001041F4003122
:10400000C8F80010B0B904E004F1300001F012F972
:1040100080B9D8F8BC00D4F8C41020F030000843B0
:10402000C8F8BC0005E000BF012001262179C906BF
:10403000DAD430462179090758BFBDE8F087D8F8AF
:10404000C010D4F8C02021F0C0011143C8F8C0103E
:10405000BDE8F0870120EDE704F1080001F074F8F5
:10406000002805467FF497AF8AE700BF01200125AD
:1040700091E700BF04F1080001F066F8002805464A
:104080007FF4F1AEE4E600BF04F1080001F05CF853
:10409000002806467FF413AF06E700BF04F10800CE
:1040A00001F052F8002805467FF435AF28E700BF3D
:1040B00001200125D7E600BF01200126FFE600BF51
:1040C0000120012527E700BF04F1300001F0B2F81C
:1040D00034E700BF01200126217989073FF53EAF73
:1040E00058E700BF04F1080001F02EF8054600284B
:1040F0007FF452ABE06DFFF747BB00BF04F108004F
:1041000001F022F8FFF75EBB04F1080001F01CF893
:10411000FFF776BB04F1080001F016F8FFF78EBB3D
:1041200004F1080001F010F8FFF7A6BB04F1080045
:1041300001F00AF8FFF7BEBB04F1080001F004F833
:10414000FFF7D6BB04F1080000F0FEFFFFF7BCBC90
:1041500004F1080000F0F8FFD6E400BF04F1080005
:1041600000F0F2FFEAE600BFFEF7C2F8054641F2B2
:10417000883600BFD8F8C80080073FF5D8ADFEF7F5
:10418000B7F8411B0320B1424FF00301F2D9EFE52C
:104190002DE9F04381B0002800F0D08042F2000801
:1041A000C4F202080446D8F800000D4600F00F00E3
:1041B00081420DD9D8F8000020F00F002843C8F83C
:1041C0000000D8F8000000F00F00A84240F0B680D0
:1041D000206840F62047C106C4F202470CD5616949
:1041E0003A68702303EA1222914205D93A6822F410
:1041F000E04242EA0121396001070CD521693A68A1
:10420000702303EA1212914205D93A6822F4E0625F
:1042100042EA0111396041070AD5E1683A6802F0C3
:104220007002914204D93A6822F070021143396059
:1042300081070AD5A1683A6802F00F02914204D9B9
:104240003A6822F00F0211433960C00768D1206834
:1042500081070AD5A1683A6802F00F02914204D2A0
:104260003A6822F00F0211433960D8F8001001F0CB
:104270000F018D420CD2D8F8001021F00F01294314
:10428000C8F80010D8F8001001F00F01A94255D16C
:1042900041070AD5E1683A6802F07002914204D2FF
:1042A0003A6822F070021143396001070CD5216988
:1042B0003A68702303EA1212914205D23A6822F456
:1042C000E06242EA01113960C0060CD560693968C4
:1042D000702202EA1121884205D2396821F4E041B6
:1042E00041EA0020386000F007F939684AF2081204
:1042F00001F00F01C0F60002525C40F21401C2F25C
:104300000001096840F2340320FA02F2C2F200030D
:1043100008461A6001B0BDE8F043FEF72DB800BFB3
:10432000606857F8201C01280CD0022804D003280C
:104330005AD1890102D507E0890305D4012001B0D3
:10434000BDE8F0838905F9D557F8041C21F0030175
:10435000084347F8040CFDF7CBFF616806460329C4
:1043600041F2883939D0022929D0012910D100BF62
:1043700057F8040C00F0180008283FF468AFFDF768
:10438000B7FF801B48454FF00300F1D90DE000BF97
:1043900057F8040C10F0180F3FF459AFFDF7A8FFC1
:1043A000801B48454FF00300F2D901B0BDE8F0830F
:1043B000FDF79EFF801B48454FF00300F5D857F8E6
:1043C000040C00F018001028F2D140E7FDF790FF30
:1043D000801B48454FF00300E7D857F8040C00F065
:1043E00018001828F2D132E78907A7D5ACE70000FA
:1043F00080B500F081F840F62041C4F2024109681E
:104400004AF2081201F00F01C0F60002515C01F0FF
:104410001F01C84040F23401C2F20001086080BDB3
:1044200080B500F069F840F62041C4F202410A6804
:104430004AF2081302F00F02C0F600039A5C02F081
:104440001F02D04040F23402C2F20002106009683C
:104450004AF21812C1F30211C0F60002515C01F0D9
:104460001F01C84080BD000080B500F045F840F64F
:104470002041C4F202410A684AF2081302F00F0216
:10448000C0F600039A5C02F01F02D04040F23402F2
:10449000C2F20002106009684AF21812C1F3022148
:1044A000C0F60002515C01F01F01C84080BD000051
:1044B00080B500F021F840F62041C4F202410A68BC
:1044C0004AF2081302F00F02C0F600039A5C02F0F1
:1044D0001F02D04040F23402C2F2000210600968AC
:1044E0004AF21812C1F30231C0F60002515C01F029
:1044F0001F01C84080BD000080B540F60041C4F2F5
:104500000241C86900F01800082802BF40F60010F8
:10451000C0F23D0080BDC86910F0180F34D0C869E2
:1045200000F01800102802BF47F64000C0F27D10CE
:1045300080BDC86900F01800182849F20000C0F2D8
:10454000D03066D1D1F828E08A6AC2F3052C8A6A95
:104550008B6BBCF1000F04BF002080BDDB08D206CE
:1045600003EAE2726FF35F3200EE102A0EF00302EC
:10457000B8EE400A032A15D0012A17D10A6892061C
:1045800018D49FED251A1DE00868800649F2000046
:10459000C0F2D03058BF80BD0968C1F3C101C84026
:1045A00080BD00BF9FED1B1A0CE000BF9FED1B1AE2
:1045B00008E000BF0A68C2F3C102D04001EE100A51
:1045C000B8EE411A02EE10CA486BB8EE422A6FF3F9
:1045D0005F2081EE021A02EE100A9FED113AB8EE4A
:1045E000422A20EE030A486B30EE020AB7EE002A98
:1045F000C0F3462030EE020A013021EE000A01EE3F
:10460000100AB8EE411A80EE010ABCEEC00A10EEA4
:10461000100A80BD20BCBE4B0024744C0024744A98
:1046200000000039002804BF012070472DE9F04345
:1046300081B040F6004740F6F0490446C4F2024714
:10464000C4F20249F86959F8C81C227800F0180829
:10465000D00601F003062AD5B8F1080F1CD0B8F136
:10466000180F08BF022E17D0E1693868002900F042
:104670006D8140F480703860FDF73AFE054600BF5A
:10468000386880050CD4FDF733FE401B02284FF03C
:104690000300F5D958E200BFE069002800F0E4808B
:1046A000B869216A20F47C1040EA0140B8612078A2
:1046B000C00719D0B8F1100F12D0B8F1180F08BF09
:1046C000032E0DD061683868B1F5A02F60DA00299B
:1046D00000F0B081B1F5803F00F0CE819EE100BFD7
:1046E0006068002800F0C0802078800777D5B8F196
:1046F000000F21D0E068B8F1180F08BF012E55D087
:104700003968002800F06681206921F0180108430B
:104710003860386840F001003860FDF7E9FD054673
:104720003868800754D4FDF7E3FD401B02284FF0A2
:104730000300F5D908E200BFE068002800F094808B
:104740003968206901F01801814231D0396821F0BF
:10475000180108433860FFF7CFFE396A4AF20812A1
:1047600001F00F01C0F60002515C40F2340201F08A
:104770001F0120FA01F140F21400C2F200000068AB
:10478000C2F200021160FDF7F7FD00286CD10FE0C6
:1047900000F06A81B1F5A81F40F0408140F480200C
:1047A0003860386840F4801064E100BF00285BD0B6
:1047B000FDF79EFD054600BF3868800708D4FDF769
:1047C00097FD401B0228F7D9032001B0BDE8F08314
:1047D0003869616920F4FE0040EA014038612078C0
:1047E000000745D4207840075CD42078800600F18B
:1047F0007F80A56AA5B3B8F1180F40F0C98059F8B9
:10480000C81C59F8BC0C012D2ED0E26A01F003033C
:10481000934229D1C1F30521226B914224D1626BCD
:1048200001466FF35F21013A91421DD1A16BC0F3A4
:10483000462201398A4217D1E16BC0F306420139A1
:104840008A4211D1216CC0F30660013988420BD134
:1048500059F8B80CE16CC0F3CC00884240F0E88114
:10486000002001B0BDE8F083012001B0BDE8F08375
:10487000A169D9F80000002952D040F08060C9F841
:104880000000FDF735FD0546D9F800000001A9D468
:10489000FDF72EFD401B0228F6D9032001B0BDE82C
:1048A000F08300BF4FF62446CFF6FF76B859C00715
:1048B00012D1B85940F00100B851FDF719FD054675
:1048C000B859C00708D1FDF713FD401B02284FF06F
:1048D0000300F5D938E100BFA168D9F80000042928
:1048E00046DC002900F0EA80012900F01781D5E0BC
:1048F000616A3868002900F07F8040F48050386099
:10490000FDF7F6FC054600BF386880043FF571AF3F
:10491000FDF7EEFC401B02284FF00300F4D913E131
:1049200020F08060C9F80000FDF7E2FC054600BFFA
:10493000D9F8000000017FF555AFFDF7D9FC401B09
:1049400002284FF00300F3D9FEE000BF20F480708E
:104950003860FDF7CDFC0546386880057FF5A7AEC9
:10496000FDF7C6FC401B02284FF00300F4D9EBE032
:10497000052900F0C780852940F0908040F00400B0
:10498000C9F80000D9F8000040F08000C2E000BF84
:10499000386820F080703860FDF7AAFC022D0546CB
:1049A0000CD100BF3868800140F1D280FDF7A0FC37
:1049B000401B02284FF00300F4D9C5E0386880019D
:1049C00040F12881FDF794FC401B02284FF00300C2
:1049D000F4D9B9E021F001003860FDF789FC054603
:1049E000386880077FF5FBAEFDF782FC401B02288C
:1049F0004FF00300F4D9A7E020F480503860FDF7B1
:104A000077FC0546386880047FF5F3AEFDF770FC4F
:104A1000401B02284FF00300F4D995E020F48030C9
:104A20003860386820F480203860386820F48010BE
:104A300024E000BF20F480303860386820F4801013
:104A40003860386820F480203860FDF751FC054656
:104A5000386880037FF548AEFDF74AFC401B6428A8
:104A60004FF00300F4D96FE040F4802038603868DC
:104A700020F480103860386840F480303860FDF7EA
:104A800037FC0546386880033FF52EAEFDF730FC55
:104A9000401B64284FF00300F4D955E020F00100DA
:104AA000C9F80000D9F8000020F00400C9F800009F
:104AB000D9F8000020F0800032E000BF20F00100B3
:104AC000C9F80000D9F8000020F08000C9F8000003
:104AD000D9F8000020F00400C9F80000FDF708FC38
:104AE000054641F2883600BFD9F8000080077FF5FF
:104AF0007CAEFDF7FDFB401BB0424FF00300F3D945
:104B000022E000BF40F00400C9F80000D9F800001E
:104B100020F08000C9F80000D9F8000040F0010042
:104B2000C9F80000FDF7E4FB054641F2883600BFF6
:104B3000D9F8000080073FF558AEFDF7D9FB401BC0
:104B4000B0424FF00300F3D901B0BDE8F08300BFDD
:104B500059F8C80C43F6037104F12C0388430ECBBB
:104B6000084340EA0220A16B49F8C80C4FF47E428A
:104B700002EB4121E26B581E4FF4FE0389B203EBB6
:104B800002426FF35F20084402F4FE01226C4FF0F2
:104B9000FE4303EB0262084402F0FE41084449F878
:104BA000BC0C59F8C80C20F0100049F8C80CE06C97
:104BB000C00049F8B80C59F8C80C40F0100049F88A
:104BC000C80C59F8C80C616C20F00C00084349F877
:104BD000C80C59F8C80CA16C20F02000084349F813
:104BE000C80C59F8C80C40F4803049F8C80C386833
:104BF00040F080703860FDF77BFB04463868800128
:104C00003FF52EAEFDF774FB001B02284FF00300AA
:104C1000F4D999E759F8C80C4FF6FC71CFF6F87142
:104C2000084049F8C80C002001B0BDE8F08300BF7F
:104C300059F8C80C20F0100049F8C80CFDF758FBD3
:104C40000546FDF755FBA842FBD0E06CC00049F8D3
:104C5000B80C59F8C80C40F0100049F8C80C0020F6
:104C600001B0BDE8F0830000042888BF7047DFE88A
:104C700000F0031B13352D004EF21000CEF20000A1
:104C8000016821F00401016040F6E440C4F20240F2
:104C9000016821F00C0120E04EF21000CEF200007D
:104CA0000168022206E000BF4EF21000CEF20000C2
:104CB0000168012221F00401016040F6E440C4F2E1
:104CC0000240016862F3830107E000BF4EF210006A
:104CD000CEF20000016841F004010160704700005D
:104CE000411E0020B0EB116F1CBF012070474EF237
:104CF0001002CEF2000251609060116841F0030191
:104D0000116070474EF21000CEF2000000684007BC
:104D100044BF0420704740F6E440C4F202400068FB
:104D200002A100F00C000858704700BF000000000E
:104D300001000000020000000000000090F83C208C
:104D4000012A4FF0020200F0C08010B580F83D202B
:104D5000026842F6FF33D2F804E0D2F808C0C5F288
:104D600001039A420CDC42F60043C4F201039A426A
:104D700012D043F20043C4F201039A420CD010E077
:104D800043F20043C5F201039A4205D042F60043C4
:104D9000C5F201039A4204D14C682EF4700344EA30
:104DA000030E4FF68F73CFF6FF530C6803EA0E0322
:104DB0002343B2F1A04F536014DA41F2FF73C4F2FF
:104DC00000039A4222DC40F2FF73C4F200039A42CD
:104DD0003EDCB2F1804F6BD040F20043C4F20003DE
:104DE00064E000BF41F2FF73C5F200039A421FDC8A
:104DF00040F2FF73C5F200039A4235DCB2F1A04FD6
:104E000056D040F20043C5F200034FE043F2FF33B7
:104E1000C4F201039A4233DC41F60003C4F20003FA
:104E20009A4245D042F60043C4F201033EE000BF7F
:104E300043F2FF33C5F201039A422DDC41F6000331
:104E4000C5F200039A4233D042F600432CE000BF83
:104E500040F60003C4F200039A4229D040F6004312
:104E6000C4F2000322E000BF40F60003C5F20003D5
:104E70009A421DD040F60043C5F2000316E000BF81
:104E800043F20043C4F201039A4211D044F20003FA
:104E9000C4F201030AE000BF44F20003C5F20103BB
:104EA0009A4205D043F20043C5F201039A4204D16D
:104EB00089682CF08003194391600121002280F859
:104EC0003D1080F83C20BDE81040104670470000BF
:104ED000002804BF0120704710B5044690F83D003B
:104EE00028B9002084F83C00204600F023F8022076
:104EF00084F83D002068211D00F0D4FA012084F8D8
:104F0000480084F83E0084F83F0084F8400084F8AC
:104F1000410084F8420084F8430084F8440084F897
:104F2000450084F8460084F8470084F83D000020DE
:104F300010BD0000006841F20001C4F20001884287
:104F400018BF704781B040F69C40C4F2024001682F
:104F500041F010010160006800F01000009000981E
:104F600001B0704790F83D1001291BD1022180F853
:104F70003D100168B1F1A04F16DA41F2FF70C4F2A2
:104F80000000814224DC40F2FF70C4F20000814244
:104F900040DCB1F1804F6DD040F20040C4F200001F
:104FA00066E000BF0120704741F2FF70C5F20000CB
:104FB00081421FDC40F2FF70C5F20000814235DC07
:104FC000B1F1A04F56D040F20040C5F200004FE0D2
:104FD00043F2FF30C4F20100814233DC41F60000AD
:104FE000C4F20000814245D042F60040C4F2010004
:104FF0003EE000BF43F2FF30C5F2010081422DDCEC
:1050000041F60000C5F20000814233D042F6004074
:105010002CE000BF40F60000C4F20000814229D01D
:1050200040F60040C4F2000022E000BF40F600005D
:10503000C5F2000081421DD040F60040C5F20000DC
:1050400016E000BF43F20040C4F20100814211D0DB
:1050500044F20000C4F201000AE000BF44F2000084
:10506000C5F20100814205D043F20040C5F20100C3
:1050700081420DD188680722C0F201020240062A4F
:105080004FF0000018BFB2F5803F01D1704700BF5C
:10509000086840F0010008600020704710B5D8B1E2
:1050A0000446D0F8880028B9002084F884002046FF
:1050B00000F026F82420C4F888002068A16A02685D
:1050C000002922F0010202601CBF204600F008FB0C
:1050D000204600F02FFC08B1012010BD216848686F
:1050E00020F490404860886820F02A0088600868B2
:1050F00040F0010220460A60BDE8104000F064BBA9
:1051000070470000FEE7000040F23002C2F20002E9
:105110001268D1E9003CC0E900234B890C22C0E9A8
:1051200004320A898989C0F808C081614FF40041BE
:10513000C1610021C2604162FFF7B0BFFEE700001D
:10514000FEE700007047000070B540F62C46C4F240
:10515000024656F82C1C044621F0806046F82C0CC0
:10516000FDF7C6F8054600BF56F82C0C000105D522
:10517000FDF7BEF8401B0228F6D958E0306843F628
:105180000371884394E80E00084340EA0220E16876
:1051900030604FF47E4202EB41212269581E4FF4E9
:1051A000FE0389B203EB02426FF35F20084402F46E
:1051B000FE0162694FF0FE4303EB0262084402F015
:1051C000FE41084430613068A16920F00C000843BA
:1051D00030603068E16920F0200008433060606A88
:1051E00031680843306030684FF6F87120F01000E5
:1051F00030607069226A884340EAC200706130689A
:1052000040F01000306056F82C0C40F0806046F8FA
:105210002C0CFDF76DF8044656F82C0C000144BF29
:10522000002070BDFDF764F8001B0328F4D30320B1
:1052300070BD000070B540F63046C4F2024656F824
:10524000301C044621F0805046F8300CFDF750F831
:10525000054600BF56F8300C800005D5FDF748F82C
:10526000401B0228F6D958E0306843F603718843A2
:1052700094E80E00084340EA0220E16830604FF4F1
:105280007E4202EB41212269581E4FF4FE0389B28F
:1052900003EB02426FF35F20084402F4FE016269EF
:1052A0004FF0FE4303EB0262084402F0FE41084463
:1052B00070613068A16920F00C00084330603068EC
:1052C000E16920F0200008433060606A31680843DB
:1052D000306030684FF6F87120F010003060B0692F
:1052E000226A884340EAC200B061306840F0100092
:1052F000306056F8300C40F0805046F8300CFCF727
:10530000F7FF044656F8300C800044BF002070BD03
:10531000FCF7EEFF001B0328F4D3032070BD000050
:1053200070470000FCF7F4BF10B59CB040F61404C1
:1053300008A85021C4F20244FBF7F3F80020CDE99D
:105340000600CDE90400CDE9020054F8040C40F059
:10535000300044F8040C54F8040C00F030000190C4
:1053600001982068000709D4206800075CBF206806
:105370005FEA007002D420680007F2D53020089060
:105380004FF4805011904FF480700F902020012135
:105390001090022014917D21CDE91200CDE9151065
:1053A000CDE9170008201990002408A8CDE91A4477
:1053B000FFF738F910B172B6FEE700BF1F20029068
:1053C0000320CDE9030402A80521CDE90544079493
:1053D000FEF7DEFE10B172B6FEE700BF42F200003B
:1053E000C4F202000168022262F3051101601CB0E0
:1053F00010BD00004EF6885CCEF2000CDCF8001008
:10540000012241F47001CCF8001040F60041C4F2D2
:1054100002410A600022CA610A620B684EF6E3206C
:10542000CEF6E2201840086040F28020C0F2011061
:105430008A62CA620A6348638A63C8630A6448640A
:105440008A64086820F4802008600A654FF00060D4
:1054500042F21C01C4F202014CF8800C51F8040C19
:10546000420F062A05D800F06040B0F1404F18BF47
:1054700070470868C0070BD042F63B20C0F6190001
:1054800041F8100C46F67F60C4F65D4041F8100C00
:10549000086840F002000860086840F001000860F9
:1054A000704700000268B0F1A04F13DA40F6FF33F6
:1054B000C4F20003984221DCB0F1804F42D040F2A8
:1054C0000043C4F2000398423CD040F60003C4F20B
:1054D000000335E040F6FF33C5F2000398421FDCBD
:1054E000B0F1A04F2ED040F20043C5F20003984225
:1054F00028D040F60003C5F2000321E040F6004347
:10550000C4F2000398421DD042F60043C4F20103E6
:10551000984217D043F20043C4F2010310E000BFE9
:1055200040F60043C5F2000398420BD043F200431B
:10553000C5F20103984205D042F60043C5F20103CB
:10554000984203D14B6822F070021A43B0F1A04F89
:1055500014DA41F2FF73C4F20003984222DC40F2F5
:10556000FF73C4F2000398423EDCB0F1804F6BD071
:1055700040F20043C4F2000364E000BF41F2FF7355
:10558000C5F2000398421FDC40F2FF73C5F200032E
:10559000984235DCB0F1A04F56D040F20043C5F23E
:1055A00000034FE043F2FF33C4F20103984233DCBF
:1055B00041F60003C4F20003984245D042F600438E
:1055C000C4F201033EE000BF43F2FF33C5F2010322
:1055D00098422DDC41F60003C5F20003984233D017
:1055E00042F600432CE000BF40F60003C4F2000383
:1055F000984229D040F60043C4F2000322E000BFE5
:1056000040F60003C5F2000398421DD040F6004367
:10561000C5F2000316E000BF43F20043C4F20103E9
:10562000984211D044F20003C4F201030AE000BF23
:1056300044F20003C5F20103984205D043F200434F
:10564000C5F20103984203D1CB6822F440721A4399
:1056500080B54B6922F0800E8A6843EA0E03D1F8C8
:1056600000C00360C26242F6FF32C5F201029042FE
:10567000C0F828C0BDE8804012DC42F60042C4F207
:10568000010290421ED043F20042C4F20102904255
:1056900018D044F20002C4F20102904212D013E08A
:1056A00042F60042C5F2010290420BD044F20002E1
:1056B000C5F20102904205D043F20042C5F2010258
:1056C000904201D109690163012141610169C90762
:1056D00008BF7047016921F00101016170470000B6
:1056E000816A0A070CD4CA0715D18A071ED44A0753
:1056F00027D4CA0630D48A0639D44A0642D457E0A1
:105700000268D0F838C0536823F4004343EA0C031E
:105710005360CA07E9D00268D0F82CC0536823F45C
:10572000003343EA0C0353608A07E0D50268D0F8DF
:1057300030C0536823F4803343EA0C0353604A07B4
:10574000D7D50268D0F834C0536823F4802343EAE5
:105750000C035360CA06CED50268D0F83CC09368EB
:1057600023F4805343EA0C0393608A06C5D502688C
:10577000D0F840C0936823F4005343EA0C039360CD
:105780004A0615D5D0F800C0436CDCF80420B3F508
:10579000801F22F4801242EA0302CCF8042007D1D1
:1057A000DCF80420836C22F4C0021A43CCF80420F5
:1057B000090658BF70470168C06C4A6822F400228D
:1057C0001043486070470000B0B582B00446002026
:1057D000C4F89000FCF78CFD216805460A681207A2
:1057E00037D56FF07E4C20464FF4001100222B4637
:1057F000CDF800C000F0BCF950B300BF206850E8FD
:10580000000F216820F0800041E80002DAB1206832
:1058100050E8000F216820F0800041E8000292B1BA
:10582000206850E8000F216820F0800041E8000265
:105830004AB1206850E8000F216820F0800041E85C
:105840000002002ADAD10320202188226BE000BF69
:105850002168086840075DD56FF07E4C20464FF404
:10586000800100222B46CDF800C000F081F900280D
:1058700050D000BF206850E8000F216820F49070DD
:1058800041E80002BAB3206850E8000F216820F414
:10589000907041E8000272B3206850E8000F216860
:1058A00020F4907041E800022AB3206850E8000F0D
:1058B000216820F4907041E80002002ADAD11AE051
:1058C000206850E8020F216820F0010041E8020240
:1058D000DAB1206850E8020F216820F0010041E8A9
:1058E000020292B1206850E8020F216820F0010006
:1058F00041E802024AB1206850E8020F216820F016
:10590000010041E80202002ADAD1032020218C2282
:1059100009E000BF2020C4F88800C4F88C000021F2
:1059200070220020E166A150002184F8841002B0AA
:10593000B0BD000070B504462269D4E902130068C6
:1059400011436269E6690568114346F6F312CCF625
:10595000FF722A4011433143016041684FF2FF4515
:1059600021F440511943416042F20041A26940F0E4
:105970008053C5F200418B421CBF236A1A438368DF
:10598000C1F2FF152B401A438260C26A636A22F09B
:105990000F021A4346F2FF33C4F200039842C26278
:1059A0001ADC44F6FF31C4F20001884230DC44F2D4
:1059B0000041C4F20001884250D044F60001C4F214
:1059C0000001884240F0CC8004200021FDF766F9F8
:1059D000B6F5004F67D048E042F2FF32C4F2004211
:1059E00090422BDC46F20041C4F20001884253D0C1
:1059F00043F60001C4F20101884240F0B180012069
:105A00000021FDF74BF9B6F5004F4CD02DE000BF5B
:105A100044F60041C4F20001884263D045F200011F
:105A2000C4F20001884240F09B8010200021FDF765
:105A300035F9B6F5004F36D017E000BF42F200420C
:105A4000C4F20042904255D0884240F08980002044
:105A50000021FDF723F9002852D177E00220002130
:105A6000FDF71CF9B6F5004F1DD000286ED0616A15
:105A70004AF22012C0F6000232F811106268B0FB40
:105A8000F1F000EB5200B0FBF2F04FF6EF72A0F134
:105A9000100191425CD857E020200021FDF7FEF86C
:105AA000B6F5004FE1D1002850D0616A4AF22012C9
:105AB000C0F6000232F811106268B0FBF1F0510834
:105AC00001EB4000B0FBF2F04FF6EF72A0F11001D5
:105AD00091423DD84FF6F071C0F3420208401044A5
:105AE00032E000BF08200021FDF7D8F8B6F5004FDE
:105AF000BBD1D8E74FF480500021FDF7CFF828B391
:105B0000616A4AF22012C0F6000232F8111062688F
:105B1000B0FBF1F102EB420081424FF0010018D3DB
:105B20001303994215D808020B0E10EB520043F1F3
:105B300000010023FAF716FC4FF60052A0F5407161
:105B4000C0F20F02914203D22168C860002000E039
:105B500001204FF00111A1660021C4E91D1170BDA3
:105B600000200021FDF79AF8B6F5004F9BD07CE7A6
:105B70002DE9F041804600681546C2690E46114085
:105B8000891BB1FA81F149098D4223D1069C2CB3BE
:105B9000611C29D1C1693140891BB1FA81F14909E0
:105BA0008D4217D1C1693140891BB1FA81F1490990
:105BB0008D420FD1C1693140891BB1FA81F1490988
:105BC0008D4207D1C1693140891BB1FA81F1490980
:105BD0008D42DFD00020BDE8F08100BFFCF788FBDC
:105BE0000320BDE8F08100BF1F4607E0C0693040D8
:105BF000801BB0FA80F040098542EBD1FCF778FBBE
:105C0000C01BA04284BF0320BDE8F081D8F800008B
:105C100001684907EAD5402E18BF802EE6D0C16939
:105C2000090700F1A180C1690905DFD54FF40061C2
:105C30000162D8F8000050E8000FD8F8001020F4F6
:105C4000907041E800020AB3D8F8000050E8000F55
:105C5000D8F8001020F4907041E80002B2B1D8F8F2
:105C6000000050E8000FD8F8001020F4907041E8D0
:105C700000025AB1D8F8000050E8000FD8F8001020
:105C800020F4907041E80002002AD2D14FF6FE7055
:105C9000CEF6FF70D8F8001051E8021FD8F80020A7
:105CA000014042E80213F3B1D8F8001051E8021F96
:105CB000D8F80020014042E80213A3B1D8F8001040
:105CC00051E8021FD8F80020014042E8021353B106
:105CD000D8F8001051E8021FD8F80020014042E82F
:105CE0000213002BD6D1D8F86C0001282CD1D8F89B
:105CF000000050E8000FD8F8001020F0100041E834
:105D000000020AB3D8F8000050E8000FD8F80010DD
:105D100020F0100041E80002B2B1D8F8000050E8CD
:105D2000000FD8F8001020F0100041E800025AB12E
:105D3000D8F8000050E8000FD8F8001020F010004C
:105D400041E80002002AD2D120200021C8F88C00AE
:105D5000C8F86C10C8F87410C8F89000032088F8D0
:105D60008410BDE8F08100BF08210162D8F800006E
:105D700050E8000FD8F8001020F4907041E80002BD
:105D80000AB3D8F8000050E8000FD8F8001020F44B
:105D9000907041E80002B2B1D8F8000050E8000F5E
:105DA000D8F8001020F4907041E800025AB1D8F8F9
:105DB000000050E8000FD8F8001020F4907041E87F
:105DC0000002002AD2D14FF6FE70CEF6FF70D8F84E
:105DD000001051E8021FD8F80020014042E80213E9
:105DE000F3B1D8F8001051E8021FD8F800200140A4
:105DF00042E80213A3B1D8F8001051E8021FD8F806
:105E00000020014042E8021353B1D8F8001051E8D5
:105E1000021FD8F80020014042E80213002BD6D11F
:105E2000D8F86C0001282CD1D8F8000050E8000FF9
:105E3000D8F8001020F0100041E800020AB3D8F8AA
:105E4000000050E8000FD8F8001020F0100041E8E2
:105E50000002B2B1D8F8000050E8000FD8F80010E6
:105E600020F0100041E800025AB1D8F8000050E8D4
:105E7000000FD8F8001020F0100041E80002002ABE
:105E8000D2D12020C8F88C0000200821C8F86C006E
:105E9000C8F87400C8F8901088F884000120BDE8A4
:105EA000F0810000002804BF01207047016C21F040
:105EB00000410164016C41F0010101640021416471
:105EC00000207047002000F05BBE00000146806D9E
:105ED00020F4004200208A6570470000014601203E
:105EE0000864086C002220F001000864086C20F0AF
:105EF0000040086400204A64704700000146006CBE
:105F00004BF6807220EA020200200A64704700000B
:105F1000012909D000291CBF01207047016C21F024
:105F20000041016400207047016C41F000410164B0
:105F300000207047FEE7000080B54FF0010C012300
:105F40003E2A84BF1F234FF0050C134423FA0CFC98
:105F5000C0005FFA8CF300EB810046F200414FF085
:105F6000FF3E3E2A88BF5EFA8CF34FEA8322C4F2DA
:105F700001014FF4004C88BF4CEA832243581204BD
:105F80009BB208BF4FF000421A44425080BD00004F
:105F90002DE9F04140F28815C2F200056978FF2929
:105FA0001CD04AF2381804460026C0F60008002724
:105FB0000DE000BF40462BD1C16820468847697874
:105FC0000137481CC0B2874206F1240606D2C8B287
:105FD0008742EFD2A868D8B13044EDE705F10C0054
:105FE0003721FAF79EFA4FF0FF30C5F82F00C5F8B9
:105FF0002B00C5F82700C5F82300C5F81F00C5F819
:106000001B00C5F81700C5F81300BDE8F08100BFFC
:106010004EF6F050CEF200000068C00708BFBDE8A1
:10602000F08100BEBDE8F0810878400604D0002071
:1060300001210822FFF780BF48780528F7D148885A
:10604000012161F3DF1046F24C01C4F20101086046
:10605000002001210822FFF76FBF000080B540F645
:106060003C0301F00F001022C2F2000302EAD10249
:1060700003EB401046F2000C1044807BC4F2010C8C
:1060800049B25CF8203048F6FF7248F2800EC0F248
:10609000FF72B1F1FF3FC4BF4FF68F72C0F2FF72C3
:1060A00043EA0E0101EA020103F4C0624FF020034B
:1060B000C8BF4FF40053B2F5806F4EF2081218BFFC
:1060C0005940CEF200024FF48063C2F88030BFF333
:1060D0004F8FBFF36F8F4CF82010BFF34F8FBFF37C
:1060E0006F8F136080BD000080B54EF2081CCEF2A9
:1060F000000C4FF4806ECCF880E046F2040240F2CF
:10610000EC00BFF34F8FC4F201020023C2F2000083
:106110004FF6FF71BFF36F8F1360C0F80610536026
:10612000C0F80A109360C0F80E10D360C0F81210C7
:106130001361C0F816105361C0F81A109361C0F8CB
:106140001E10BFF34F8FBFF36F8FCCF800E0C0215C
:10615000018080BD2DE9F04F81B08D78C8780E4662
:106160008C8800F00301284600F084F9082819D231
:1061700046F20008C4F2010858F8201047F27002F5
:10618000CFF600026FB21140F27807F00F0602F06E
:106190000302022A314411D0032A75D1824648F203
:1061A00080600EE04EF6F050CEF200000068C007AE
:1061B00000D000BE002001B0BDE8F08F824648F25A
:1061C00080006FF3DF2441EA00090DF103010DF1B6
:1061D000020220464FEAD51B01F096FE40F2EC0287
:1061E000C2F200021188084483B21080B3F5006F38
:1061F000504609D94EF6F051CEF200010968C907A0
:106200004FF6FF7100D000BE08EBC0028BF0010317
:1062100002EB83024FF6FF75D2F8003421F0030140
:10622000AB4340F63C05C2F2000505EB46161944A7
:1062300006EB0B13C2F8001420219C819873B7F170
:10624000FF3FC8BF4FF400516FF0700281EA0901AF
:10625000002F48BF6FF4E04211404EF20812CEF218
:1062600000024FF48063C2F88030BFF34F8FBFF35A
:106270006F8F48F82010BFF34F8FBFF36F8F1360FD
:10628000012001B0BDE8F08F4EF6F050CEF20000D4
:106290000068C0078ED000BE002001B0BDE8F08FBE
:1062A00080B540F63C0001F00F0C1022C2F2000055
:1062B00002EAD10300EB4C1049B21844807B46F24D
:1062C000000CC4F2010C5CF82030B1F1FF3F48F63D
:1062D000BF7148F2800EC0F2FF7143EA0E03C4BFE3
:1062E0004BF68F71C0F2FF7101EA0301C8BF4FF492
:1062F000805251404EF20812CEF200024FF48063F9
:10630000C2F88030BFF34F8FBFF36F8F4CF820106F
:10631000BFF34F8FBFF36F8F136080BDF0B581B0B7
:1063200040F63C0601F00F001027C2F2000607EA13
:10633000D10706EB401649B2F019847BF2510022D6
:10634000B1F1FF3F42600381428137DD46F2000632
:10635000C4F2010656F82410858943F60F72AB4249
:1063600038BF1D4601F4C060C0F2FF72B0F5806F07
:1063700001EA020704D1204600212A46FFF7DCFD8E
:10638000204601212A46FFF7D7FD4EF20811CEF232
:1063900000014FF480624BF28000C1F88020784009
:1063A000BFF34F8FBFF36F8F46F82400BFF34F8FBB
:1063B000BFF36F8F0A60012001B0F0BD214600F0ED
:1063C000B7FD012001B0F0BDF0B581B040F63C064C
:1063D00001F00F001027C2F2000607EAD10706EB12
:1063E000401649B2F019847B0025B1F1FF3FF55109
:1063F00042600381458137DD46F20006C4F20106A2
:1064000056F82410858943F60F72AB4238BF1D46FB
:1064100001F4C060C0F2FF72B0F5806F01EA0207BC
:1064200004D1204600212A46FFF786FD204601219F
:106430002A46FFF781FD4EF20811CEF200014FF41B
:1064400080624BF28000C1F880207840BFF34F8F0C
:10645000BFF36F8F46F82400BFF34F8FBFF36F8FEA
:106460000A60012001B0F0BD214600F061FD01206D
:1064700001B0F0BD70B540F2EC03C2F2000303EBD3
:10648000D01200F00F06147901294FEAD01C0BD16D
:10649000012282EAD01E7CB1D87801281FD19878D9
:1064A000B0421CD1002070BD34B3D878884231D1BD
:1064B0009878B042F6D02DE003EB0E00007970B969
:1064C0009878FF2818BFB04209D1DA789C1C012ABD
:1064D0004FF0000000F09E81FF2A00F09B8103EB4B
:1064E0000C05287A20B3D879012833D19879B042A5
:1064F00004BF012070BD2DE09878FF2818BFB0427E
:1065000008D1DD789C1CFF2D4FF0000018BF8D4294
:1065100000F0808103EB0C05287A38B3D8798842E3
:1065200032D19879B04204BF012070BD2CE000BF89
:1065300003EB0E00007A68B99879FF2818BFB042C3
:1065400008D1DA799C1D012A4FF0010018BFFF2AFB
:1065500000F06081287B18B3D87A012833D1987A6B
:10656000B04204BF022070BD2DE000BF9879FF2823
:1065700018BFB04208D1DA799C1DFF2A4FF0010004
:1065800018BF8A4200F04681287B002844D0D87A80
:10659000884250D1987AB04204BF022070BD4AE0D0
:1065A00003EB0E00007B70B9987AFF2818BFB04249
:1065B00009D1DA7A03F10A04012A4FF0020018BF68
:1065C000FF2A00F02781287C40B1D87B012818D110
:1065D000987BB04204BF032070BD12E003EB0E00B5
:1065E000007C70B9987BFF2818BFB04209D1DA7BD4
:1065F00003F10E04012A4FF0030018BFFF2A00F038
:106600000981287D20B3D87C012834D1987CB04200
:1066100004BF042070BD2EE0987AFF2818BFB04256
:1066200009D1DA7A03F10A04FF2A4FF0020018BFF9
:106630008A4200F0EF80287C002845D0D87B884231
:1066400051D1987BB04204BF032070BD4BE000BF26
:1066500003EB0E00007D70B9987CFF2818BFB04294
:1066600009D1DA7C03F11204012A4FF0040018BFAB
:10667000FF2A00F0CF80287E40B1D87D012818D1B4
:10668000987DB04204BF052070BD12E003EB0E0000
:10669000007E70B9987DFF2818BFB04209D1DA7D1D
:1066A00003F11604012A4FF0050018BFFF2A00F07D
:1066B000B180287F10B3D87E012831D1987EB042B6
:1066C00004BF062070BD2BE0987BFF2818BFB042A6
:1066D00009D1DA7B03F10E04FF2A4FF0030018BF43
:1066E0008A4200F09780287DC0B3D87C884243D18D
:1066F000987CB04204BF042070BD3DE003EB0E0067
:10670000007F68B9987EFF2818BFB04208D1DA7EB2
:1067100003F11A04012A4FF0060018BFFF2A79D0AE
:1067200095F8200020B1D87F01285FD07AE000BF23
:1067300003EB0E0090F82000002873D1987FFF280B
:1067400018BFB0426ED1DA7F03F11E04012A4FF068
:1067500007005FD0FF2A5DD064E000BF987CFF286F
:1067600018BFB04208D1DA7C03F11204FF2A4FF0BF
:10677000040018BF8A424DD0287E48B1D87D884297
:1067800014D1987DB04204BF052070BD0EE000BF5B
:10679000987DFF2818BFB04208D1DA7D03F11604B6
:1067A000FF2A4FF0050018BF8A4233D0287F48B136
:1067B000D87E884214D1987EB04204BF062070BDB6
:1067C0000EE000BF987EFF2818BFB04208D1DA7EE5
:1067D00003F11A04FF2A4FF0060018BF8A4219D0AD
:1067E00095F8200040B1D87F88421BD1987FB042F5
:1067F00004BF072070BD15E0987FFF2818BFB04286
:1068000010D1DA7F03F11E04FF2A4FF0070018BFF2
:106810008A4207D104EB0C0261700121267091704D
:1068200070BD00BF4EF6F050CEF200000068C00709
:106830003FF438AE00BE002070BD00002DE9F043EB
:1068400083B00546407888460238052800F20B815F
:10685000DFE800F0042E16220E8400BF40F28810FC
:10686000C2F2000000210173417301748173FAE0E8
:1068700040F28810C2F20000017801310170F2E0AC
:1068800040F28810C2F20000017B002900F0238151
:1068900001218173E7E000BF40F28810C2F20000DE
:1068A000017B002900F0178100218173DBE000BF2C
:1068B00040F28819C2F2000999F80100FF2823D09C
:1068C0004AF238140026C0F60004002707E000BF93
:1068D000411C0137C9B28F4206F1240614D2C1B25D
:1068E0008F4205D2D9F808100029F1D0314401E0D7
:1068F0002146EDD10A6A002AEAD0287869689047D3
:1069000099F80100E4E700BF99F80E0000285ED076
:10691000002089F80E002978D9F804408DF800107D
:106920000521B8F1000F8DF801100290019033D0CD
:1069300040F21800C2F20000028904F10800694622
:10694000002302F08BF80646CEB39DF800009DF8B8
:106950000110424602F05CFC39E000BF297911F0D9
:106960000F0000F0808040F28813C2F2000303EBB6
:1069700040005F7800EBD11292F82320BA4251D246
:106980009B68002B6FD002EBC20203EB8202D3693B
:10699000002B4ED167E000BF40F21806C2F200069D
:1069A00071688847328904F108006946002302F0C3
:1069B00055F87168064601208847002EC5D14EF66D
:1069C000F050CEF200000068C00700D000BE99F879
:1069D0001200C00700F07F802878D9F804408DF8B5
:1069E000000003208DF801006868B8F1000F0190E5
:1069F00078D040F21800C2F20000028904F10800C9
:106A00006946002302F02AF80546002D00F07F8039
:106A10009DF800009DF80110424602F0F9FB03B01A
:106A2000BDE8F0831FD14AF23812C0F60002D369E4
:106A3000CBB1CB09C41814F8330F00F0FE0020705E
:106A4000207800F0FB002070D76928786A79AB685D
:106A5000B84700283FD1207840F00100207020780E
:106A600040F00400207040F28810C2F20000446838
:106A7000B8F1000F14D040F21800C2F200000289F1
:106A800004F108002946002301F0E8FF0646DEB1C4
:106A900028786978424603B0BDE8F04302F0B8BBFD
:106AA00040F21806C2F20006716800208847328959
:106AB00004F108002946002301F0D0FF7168064662
:106AC00001208847002EE3D14EF6F050CEF20000B0
:106AD0000068C00702D103B0BDE8F08300BE03B078
:106AE000BDE8F08340F21805C2F200056968002095
:106AF00088472A8904F108006946002301F0AEFFA7
:106B00006968054601208847002D7FF481AF4EF665
:106B1000F050CEF200000068C007DCD000BE03B029
:106B2000BDE8F08310B500F06BFA46F24004C4F201
:106B3000010400202060206840F45D40206000F0E7
:106B4000AFFAA06940F400410120A16110BD00002E
:106B50004EF28810CEF200004FF480610160BFF366
:106B60004F8FBFF36F8F7047BFF34F8F4EF20810F8
:106B7000BFF36F8FCEF200004FF480610160704769
:106B80002DE9F04F89B046F24005C4F201056C686A
:106B9000A0050ED56FF400706860A8684FF44071CE
:106BA0006FF3DF20ADF81810079006A80121FFF75A
:106BB00045FE60050AD4E0041CD420052FD4E0056E
:106BC00042D401946868000453D563E06FF4806098
:106BD000686000F065FA4FF48070ADF8180000208E
:106BE0008DF81C0006A80121FFF728FE09B0BDE8BA
:106BF000F08F00BF2868012120F004002860286879
:106C000020F0080028606FF4805068604FF4A060A6
:106C1000ADF8180006A8FFF711FE2005CFD52868AB
:106C2000012140F008002860286840F00400286036
:106C30006FF4006068604FF48060ADF8180006A83B
:106C4000FFF7FCFDE005BCD540F63400C2F20000C1
:106C5000017839B1012903D12A6822F010022A6093
:106C6000013901706FF480706860019468680004F5
:106C700010D4019840040AD54EF6F050CEF2000030
:106C80000068C00700D000BE6FF48040686009B0A3
:106C9000BDE8F08F40F60F79A5F140044FF01408DD
:106CA00005F57070C0F2FF79029012E001F18000EA
:106CB0004FF4E0618DF81C000020ADF818108DF83D
:106CC0001D0006A801210892FFF7B8FD68680004BE
:106CD000CFD5686800F00F0654F826A05FEA0A4096
:106CE00040F1D480CDF80C800398A0B1039801380E
:106CF0000390039878B1039801380390039850B13A
:106D0000039801380390039828B103980138039041
:106D100003980028EAD15FEA0A502FD454F82600DD
:106D200040F63C0700EA090040F0800044F82600E5
:106D300054F826B0029B0BF00F090BF48C4003EBC8
:106D4000C601C2F20007B0F5884007EB491818BF2A
:106D5000012051F8202051F82010D8F80400C2F387
:106D6000094713FA81F100283CD00022079204223F
:106D700006923A4606AB01F071FE3EE0029A00230D
:106D800002EBC60041684068C1F3094712FA80F07F
:106D900004A93A4602F0A0F854F82600082F00EAA9
:106DA000090040F0800044F826000DD1DDE904011F
:106DB0004FF4C062ADF81820CDE9070106A8012103
:106DC000FFF73CFD62E000BF4EF6F050CEF200004F
:106DD0000068C00700D000BE002001210822FFF794
:106DE000ABF853E0D8F80000B8F80A2000230244BA
:106DF000084611463A4602F06FF8B8F80A00B8F8AB
:106E00000C2038449742A8F80A0023D3B8F8081099
:106E100083B299421ED90BF4C063B3F5806F08D0DA
:106E2000081A80B20121904238BF02463046FFF76F
:106E300083F840F60F79C0F2FF7909F5405000EA77
:106E40000B004BF2800148404FF0140844F8260034
:106E50001CE000BF30460121FFF76EF8B8F80A00C9
:106E60004FF4E061ADF818100890002706A8012142
:106E70008DF81C908DF81D70FFF7E0FC40F60F793F
:106E8000C8F808704FF01408C0F2FF795FEA0A6092
:106E90007FF51CAF54F8260000EA090040F40040DA
:106EA00044F8260054F8262040F63C0002F00F017A
:106EB000C2F2000000EB411002F4C063B3F5806F32
:106EC00000F1100012D1C37B012B7FF4FFAE012330
:106ED00023EA921205EBC60303EB82020023C3737D
:106EE000D2F8C0336FF31943C2F8C0330289438923
:106EF0009A423FF4DBAE314600F01AF8E6E60000B5
:106F000040F63C00C2F20000002240F8102F817BC6
:106F10004260826000F00CB846F24000C4F201000A
:106F2000026822F4007261F3492202607047000097
:106F30002DE9F04782B0054600896A898A4646F203
:106F40000041C4F20101801AA1F5806880B2AE89C7
:106F500058F82A70B04238BF064607F4C0690020CE
:106F6000B9F5806F08BFC7F380104FEACA0343EA40
:106F7000800043584418686811FA83F14FF0000309
:106F800040B10422019300926B46324601F046FD67
:106F900007E000BF2868024408461146324601F067
:106FA000F1FF6889B9F5806F3044688120686FF31C
:106FB0009F266FF3194040EA064048F2B001206076
:106FC00004BF0120E87340F63F70C0F2FF70384004
:106FD00048404EF20811CEF200014FF48062C1F831
:106FE0008020BFF34F8FBFF36F8F48F82A00BFF3A5
:106FF0004F8FBFF36F8F0A6002B0BDE8F0870000CB
:1070000082B046F24000C4F2010003210160002179
:107010000191019AC72A1BD800BF019A013201923F
:10702000019AC72A14D800BF019A01320192019A2D
:10703000C72A0DD800BF019A01320192019AC72ACE
:1070400006D800BF019A01320192019AC82AE3D3FF
:10705000026822F00202026000910099C7291BD841
:1070600000BF0099013100910099C72914D800BFD1
:107070000099013100910099C7290DD800BF0099EE
:10708000013100910099C72906D800BF009901314C
:1070900000910099C829E3D30021416002B07047F4
:1070A0002DE9F04182B046F2000440F2EC054FF6C3
:1070B000FF70C4F201040027C2F20005E764C5F8BE
:1070C0000200C5F80600C5F80A00C5F80E00C5F8AC
:1070D0001200C5F81600C5F81A00C5F81E004026B3
:1070E0004EF6F05800200021CEF200082E80FFF767
:1070F000C1F980200021FFF7BDF940F63C00C2F243
:10710000000086818773868387770DF1050101AAC8
:10711000402000F0F9FE2F88384481B22880B1F574
:10712000006F06D9D8F800004FF6FF77C00700D0EF
:1071300000BE0DF107010DF10602402000F0E4FE53
:107140002988084482B22880B2F5006F06D9D8F8A1
:107150000000C00700D000BE4FF6FF7146F20440A9
:10716000C4F2010002684FF6FF739A4327F003034D
:107170001A440260D4F8000421F003016FF30F00F9
:107180000844C4F80004206847F27001CFF60001FB
:10719000084042F2202180EA010500200121082256
:1071A000FEF7CAFE80202560E06402B0BDE8F081F1
:1071B0008AB00025C4F20225FBF7B8F8FEF7B4F850
:1071C000002440F68C460694CDE90444CDE90244FF
:1071D000C4F202463068102740F001003060306889
:1071E00002A900F0010001900198306840F004000D
:1071F0003060306800F0040001900198306840F081
:1072000002003060306800F002000190019805F53E
:107210000060CDE902740494FAF79AFF56F8040C62
:10722000002140F0010046F8040C56F8040C00223E
:1072300000F00100029002981B20FBF705F91B20CB
:10724000FBF7F0F8FBF75AF810B172B6FEE700BF93
:1072500040F2D03005F50041C2F200004FF40022A8
:1072600080E8860000F10C0101264FF0040881E857
:1072700050010221C1614FF4B46100F12803CDE94E
:107280000844CDE90644CDE90444CDE90244048331
:1072900080F820404FF4806280F8346016C3846325
:1072A00080F83C40F9F72CFE10B172B6FEE700BF43
:1072B00006200390032004907F20CDE9050840F2CA
:1072C000D0300024C2F2000002A902960794F9F718
:1072D00025FC18B172B600BFFEE700BF0220C0F265
:1072E000304002900C20CDE9030440F2D030C2F2CD
:1072F000000002A9F9F712FC10B172B6FEE700BF58
:1073000040F21017C2F2000741F20004C4F2000478
:10731000384640F82C4F0026F92140F2E732039618
:10732000C0E90116C2608661FDF7D2FD10B172B6E8
:10733000FEE700BF2020049607F12C06029002A968
:107340003046FDF7FBFC18B172B600BFFEE700BF88
:1073500040F2505004F5A831C2F20000016008214B
:1073600002244FF000080171C4714472C0F80A8011
:10737000C0F80D80FBF7B6F810B172B6FEE700BF9B
:107380004A2000210022FBF75FF84A20FBF74AF869
:107390003046FDF7E7FD40F21017C2F2000740F259
:1073A000D030391DC2F200000222F9F799FFA02067
:1073B00002AE02904FF0010928463146CDF8188000
:1073C000CDE903980594FAF7C3FE402002A981E8AD
:1073D000010328463146FAF7BBFE4FF48060CDE941
:1073E000020928463146CDE90484FAF7B1FE284661
:1073F00020210022FAF776FF284680210022FAF7A2
:1074000071FF28464FF480610122FAF76BFF28468E
:107410004FF480610022FAF765FF402000F096FEED
:10742000002000F093FE0F2000F090FE28464FF45D
:1074300080610122FAF756FF28464FF4806100224E
:10744000FAF750FF402000F081FE0C2000F07EFE95
:107450000F2000F07BFE28464FF480610122FAF7EE
:1074600041FF28464FF480610022FAF73BFF40209D
:1074700000F06CFE012000F069FE002000F066FEC6
:1074800028464FF480610122FAF72CFF28464FF47A
:1074900080610022FAF726FF402000F057FE1320FB
:1074A00000F054FE0F2000F051FE28464FF480619A
:1074B0000122FAF717FF00200121F9F7E3F94FF451
:1074C000E130394641F80C0F0020C1E90188A1F8EC
:1074D0000C80F9F779F918B172B600BFFEE700BF6A
:1074E0004AF60120ADF8040001A900204FF0000A7F
:1074F00002F0F8FB40F200080DF1080BC2F20008A0
:1075000005E000BF40F21010C2F20000C4714FF05D
:10751000FF30002102F0B2F802F01EF860B100BFA7
:107520000020002101F076FE30B1002000215A46F3
:10753000042301F0C1FEF3E7FAF7DAFE40F2101778
:10754000C2F20007B968401A1428C0F05583FAF750
:10755000CFFEB86028464FF480610022FAF7C2FEE1
:10756000402000F0F3FD132000F0F0FD0E2000F0AD
:10757000EDFD28464FF480610122FAF7B3FE28465C
:107580004FF480610022FAF7ADFE412000F0DEFDED
:10759000122000F0DBFD002000F0D8FD0646284652
:1075A0004FF480610122FAF79DFE28464FF4806176
:1075B000002206F00F04FAF795FE412000F0C6FD08
:1075C000122000F0C3FD002000F0C0FD0646284652
:1075D0004FF480610122FAF785FE06F00F00844225
:1075E00016D198F80400844216D140F21010C2F26D
:1075F00000000078042819D840F2101100F10100B1
:10760000C2F20001087008BF88F8084010E000BF0F
:1076100087F800A00CE000BF40F21010C2F200009A
:1076200088F8044080F8009002E000BF88F8084025
:1076300028464FF480610022FAF754FE402000F003
:1076400085FD132000F082FD0D2000F07FFD28460F
:107650004FF480610122FAF745FE28464FF480611D
:107660000022FAF73FFE412000F070FD122000F0EA
:107670006DFD002000F06AFD064628464FF480614B
:107680000122FAF72FFE28464FF48061002206F00F
:107690000F04FAF727FE412000F058FD122000F0F9
:1076A00055FD002000F052FD064628464FF480614B
:1076B0000122FAF717FE06F00F00844216D198F85F
:1076C000050084421AD140F21010C2F20000407846
:1076D00004281DD840F2101100F10100C2F200018F
:1076E000487008BF88F8094014E000BF40F210104D
:1076F000C2F2000080F801A00CE000BF40F21010C0
:10770000C2F2000088F8054080F8019002E000BF56
:1077100088F8094028464FF480610022FAF7E2FD1C
:10772000402000F013FD132000F010FD0B2000F0AE
:107730000DFD28464FF480610122FAF7D3FD28465B
:107740004FF480610022FAF7CDFD412000F0FEFCED
:10775000122000F0FBFC002000F0F8FC0646284652
:107760004FF480610122FAF7BDFD28464FF4806195
:10777000002206F00F04FAF7B5FD412000F0E6FC08
:10778000122000F0E3FC002000F0E0FC0646284652
:107790004FF480610122FAF7A5FD06F00F00844244
:1077A00016D198F8060084421AD140F21010C2F2A5
:1077B0000000807804281DD840F2101100F101006B
:1077C000C2F20001887008BF88F80A4014E000BFC8
:1077D00040F21010C2F2000080F802A00CE000BFDE
:1077E00040F21010C2F2000088F8064080F80290C3
:1077F00002E000BF88F80A4028464FF4806100226A
:10780000FAF770FD402000F0A1FC132000F09EFC70
:10781000072000F09BFC28464FF480610122FAF714
:1078200061FD28464FF480610022FAF75BFD41209C
:1078300000F08CFC122000F089FC002000F086FC97
:10784000064628464FF480610122FAF74BFD284690
:107850004FF48061002206F00F04FAF743FD412047
:1078600000F074FC122000F071FC002000F06EFCAF
:10787000064628464FF480610122FAF733FD06F0F0
:107880000F00844216D198F8070084421AD140F2C2
:107890001010C2F20000C07804281DD840F2101168
:1078A00000F10100C2F20001C87008BF88F80B4067
:1078B00014E000BF40F21010C2F2000080F803A0F4
:1078C0000CE000BF40F21010C2F2000088F8074040
:1078D00080F8039002E000BF88F80B4028464FF480
:1078E00080610022FAF7FEFC402000F02FFC1320FC
:1078F00000F02CFC0F2000F029FC28464FF480619A
:107900000122FAF7EFFC01F027FE40F210150028E3
:10791000C2F2000500F0668198F8080098F800109F
:107920000F2525EA00048C425E460DD041F2B0409E
:10793000ADF8080000200021324603238DF80A40EC
:1079400001F02AFD88F8004098F8090098F8011025
:1079500025EA00048C420DD041F2B050ADF8080089
:1079600000200021324603238DF80A4001F014FD67
:1079700088F8014098F80A0098F8021025EA0004F7
:107980008C420DD041F2B060ADF80800002000211B
:10799000324603238DF80A4001F0FEFC88F80240CD
:1079A00098F80B0098F8031025EA00048C420DD0DB
:1079B00041F2B070ADF808000020002132460323E8
:1079C0008DF80A4001F0E8FC88F8034040F21015F9
:1079D00000264FF00309C2F2000505E00136042E2F
:1079E00009F1040900F0FE804746B04498F80C0005
:1079F00098F80820C10702F001001DD0E0B905EB9E
:107A00008604207F60BB4AF25C10C0F60000484448
:107A100010F803AC49F20900ADF808007F208DF89A
:107A20000B00002059468DF80AA001F021FC84F8D3
:107A30001CA04FF0000A13E091B988B105EB860451
:107A4000207F68B148F20801ADF808108DF80A00EF
:107A5000002059468DF80BA001F00AFC84F81CA008
:107A600098F80C0098F80820810702F002001FD552
:107A7000F0B905EB8604607F80BB4AF25C10C0F66B
:107A8000000000EB86005946457849F20900ADF840
:107A900008007F208DF80B0000208DF80A5001F0BF
:107AA000E7FB657740F21015C2F2000516E000BF53
:107AB000002913D490B105EB8604607F70B148F2C1
:107AC0000801ADF808108DF80A00002059468DF81D
:107AD0000BA001F0CDFB84F81DA000BF98F80C00AE
:107AE00098F80820410702F004001FD5F0B905EB13
:107AF0008604A07F80BB4AF25C10C0F6000000EB59
:107B000086005946857849F20900ADF808007F20C3
:107B10008DF80B0000208DF80A5001F0A9FBA57725
:107B200040F21015C2F2000516E000BF002913D480
:107B300090B105EB8604A07F70B148F20801ADF862
:107B400008108DF80A00002059468DF80BA001F0AE
:107B50008FFB84F81EA000BF98F80C0098F808204E
:107B6000010702F0080021D500BB05EB8604B846EA
:107B7000E07F00287FF432AF4AF25C10C0F60000CC
:107B800010F8095049F20900ADF808007F208DF87F
:107B90000B00002059468DF80A5001F069FBE5778B
:107BA00040F21015C2F2000518E700BF0029B846E0
:107BB0003FF514AF00283FF411AF05EB8604E07FDA
:107BC00000283FF40BAF48F20801ADF808108DF81B
:107BD0000A00002059468DF80BA001F049FB84F8FB
:107BE0001FA0FBE6D8F808002F460025C4F20225A6
:107BF0004FF00109C8F80C003879B9794408601AC7
:107C000048BF4042022814D3002001F01DFB58B1A8
:107C100041F2B000ADF80800002000215A460323CD
:107C20008DF80A4001F0B8FB40F21010C2F20000DB
:107C3000847140F21011C2F200014879C9794408F8
:107C4000601A48BF40420228FFF461AC002001F0F6
:107C5000FBFA00283FF456AC41F2B010ADF8080032
:107C6000002000215A4603238DF80A4001F094FBBE
:107C7000FFF748BC002070470120704770B584B002
:107C800040F24C24C2F200042046C021F8F749FC1F
:107C900004F14000402500268DE8610004F1280031
:107CA000002100220023039500F082FB04F18000F4
:107CB0008DE8610004F110000021012200230395EA
:107CC00000F076FB04B070BD2DE9F04F81B04B7928
:107CD0008E18012B0F4615D18B790F46012B11D130
:107CE000CB790F4673B90B78934201EB030709D2A6
:107CF0003A783A44B24205D87B78242B02D1B2427A
:107D00001746F5D37A78042A07D17A79012A04D163
:107D1000BA79032A01D1FA7922B1002080B201B0E8
:107D2000BDE8F08F40F24C28C2F2000898F82A20F3
:107D300098F81230002A18BF0122DBB2002B18BFBE
:107D400001231A40012A0DD14EF6F050CEF2000068
:107D50000068C007E1D000BE002080B201B0BDE8DD
:107D6000F08F00BFBB7888F8000088F801303A79BE
:107D70003B78002A07EB03044CD0B4424AD24FF0C0
:107D8000000916E088F8120008F11C0088F810B00D
:107D9000A8F8141000F06AFC20783A79235C0444B7
:107DA00009F101095146584691451C4438BFB44277
:107DB00030D22378E518B5422CD86578052DF3D15B
:107DC0008A462146834602F0B7F848B394F9020088
:107DD000A188B0F1FF3F6FF3DF21D3DD454605F801
:107DE00028BFA87005F10C00A98000F03FFC2846D0
:107DF00000F00EFB0028CFD14EF6F050CEF200007E
:107E00000068C0073FF489AF00BE002080B201B017
:107E1000BDE8F08F601A80B201B0BDE8F08F00BFFE
:107E20004EF6F050CEF200000068C0073FF475AF88
:107E300000BE002080B201B0BDE8F08FB0B540F2C6
:107E40004C24C2F20004002504F13400C4E90055BA
:107E5000C4E9025500F00AFC04F11C0084F82A5021
:107E600000F004FCA574B0BD70B540F24C20C2F225
:107E7000000090F82A60857CF6B28E1BEDB218BF28
:107E800001264D1B18BF01252E40012E0CD14EF6A8
:107E9000F050CEF200000068C00704BF002070BDA3
:107EA000002000BE70BD00BF764206EB460500EB29
:107EB000851090F82A5000F11004A94212D100F167
:107EC000280552B9216A29B19AB204F1240000238D
:107ED00000F0C4FDF0B201F03BFB284600F098FA38
:107EE00010E000BF4FF000006AB9A278914218BFBD
:107EF00070BD20461D4600F01BFB18B920462946E0
:107F000000F074FB012070BD80B54FF0000C012320
:107F10004FF0010E3E2888BF4FF0010C84BF4FF098
:107F20001F0E0523704420FA03FE5FFA8EF098407E
:107F300081F800C082F800E080BD0000B0B54A883A
:107F40000C464FF0FF3101EB12210E2947D80546B0
:107F5000DFE801F0081E1445452C324545454545EE
:107F600045451A0001F0EEF890B302462846214636
:107F70001223BDE8B04001F071B800BFA188D0B2B3
:107F800001F0EAF8A8B92AE001F0D4F8C0B926E077
:107F9000D0B201F0D1F898B94EF6F050CEF2000010
:107FA0000068C0071BD000BE0020B0BD01F0D0F8B3
:107FB000A8B1037805E000BFD0B201F0CBF870B1F2
:107FC0004388024628462146BDE8B04001F046B845
:107FD0004EF6F050CEF200000068C00702D100203B
:107FE000B0BD00BF002000BEB0BD00002DE9F04FC5
:107FF00083B08346481EC0B201F09EF8E0B14178DC
:10800000022919D140F2881AC179C2F2000A9AF8FD
:108010000F20C1F3801102F0FE0211448AF80F1004
:1080200041880A2970D34AF2381900EB010800F19F
:108030000905C0F6000912E04EF6F050CEF200003D
:108040000068C00700D000BE002003B0BDE8F08F7C
:108050000B29054666D145454FF00100F5D2287839
:108060002844404550D869780429F1D19AF8010094
:10807000FF2825D0A8EB05018EB20024002700BF01
:10808000C0B2874206D2DAF80800002840D0204467
:1080900002E000BF48463BD10369584629463246B4
:1080A0009847092828BF86420ED29AF80100013766
:1080B000411CC9B28F4204F12404E1D315E000BF92
:1080C0000027FF2011E000BFFBB20AF123010AF1F3
:1080D00013020646184610233446CDE9005600F038
:1080E0000BF948B39AF8010025440130C0B2F9B247
:1080F0008142B0D34EF6F050CEF200000068C007C7
:10810000A2D000BEA0E700BF012003B0BDE8F08F01
:108110004EF6F050CEF200000068C0073FF494AF76
:1081200000BE91E74EF6F050CEF200000068C007A6
:108130003FF48AAF00BE87E74EF6F050CEF2000063
:108140000068C0073FF480AF00BE7DE770B5002433
:10815000C4F202240546204680210022FAF7C2F824
:10816000204620210122FAF7BDF820464021FAF7E7
:10817000B3F80138B0FA80F04609204620210022E9
:10818000FAF7B0F8C5F3801220468021FAF7AAF872
:10819000204620210122FAF7A5F820464021FAF7CF
:1081A0009BF80138B0FA80F04009800140EAC61619
:1081B000204620210022FAF795F8C5F34012204608
:1081C0008021FAF78FF8204620210122FAF78AF859
:1081D00020464021FAF780F80138B0FA80F04009D3
:1081E00046EA4016204620210022FAF77BF8C5F324
:1081F000001220468021FAF775F82046202101223E
:10820000FAF770F820464021FAF766F80138B0FA1C
:1082100080F0400946EA0016204620210022FAF7A5
:1082200061F8C5F3C00220468021FAF75BF82046CA
:1082300020210122FAF756F820464021FAF74CF89F
:108240000138B0FA80F0400946EAC00620462021F5
:108250000022FAF747F8C5F3800220468021FAF79A
:1082600041F8204620210122FAF73CF8204640211F
:10827000FAF732F80138B0FA80F0400946EA800691
:10828000204620210022FAF72DF8C5F340022046AF
:108290008021FAF727F8204620210122FAF722F858
:1082A00020464021FAF718F80138B0FA80F040096A
:1082B00046EA4006204620210022FAF713F805F08E
:1082C000010220468021FAF70DF8204620210122E4
:1082D000FAF708F820464021F9F7FEFF0138B0FA16
:1082E00080F0400946EA0005204620210022F9F7E7
:1082F000F9FFE8B270BD0000B0B5059C44B3DDF8ED
:1083000010C00CEB040E05E020709CF80040A44463
:10831000F4451DD29CF800406444744518D89CF87C
:108320000140042C0AD0052CEFD19CF8024004F047
:108330000F0501EB450505EBD414E5E79CF8034078
:10834000002CE2D19CF802409C4203D21444DBE7AB
:108350000120B0BD4EF6F050CEF200000068C0071C
:1083600004BF0020B0BD002000BEB0BD0178C90729
:108370000ED1017849070BD40178C90708D10178DB
:10838000490705D4017841F00401017001207047CC
:10839000002070470178490708D50178C90705D141
:1083A000017801F0FB010170012070470020704747
:1083B000F0B581B08C46DDE9061200298E461446E0
:1083C00018BF4FF0010E002A18BF012404EA0E0462
:1083D000012C0BD180F801C000F10C0CDDE908651F
:1083E0000746604600F046F9BE60FD80204601B0B9
:1083F000F0BD0000B0B592B204460C30002300F08E
:108400000DFB0546204600F003F82846B0BD0000ED
:10841000818AC28AB0F91030891A48BF01EB430142
:108420008288D3FA51F189B2914203D3817809B19C
:1084300042780AB10020704710B582B00446007837
:1084400001F04CFD002841D0A08AE18AB4F9102047
:10845000401A48BF00EB4200A188D2FA50F02346F0
:1084600082B28A4206D2587880BB1878997801F097
:1084700077FD2BE04942084080B2DC885978A04261
:1084800038BF0446D1B99A681878997852B14FF03C
:10849000000C2346002C08BF2246CDF800C001F096
:1084A0008DFD08E003F10C024FF0000C2346CDF8DF
:1084B00000C001F0C9FD0146204641B94EF6F0501A
:1084C000CEF200000068C00700D000BE002002B05D
:1084D00010BD0000002A04BF00207047B0B592B262
:1084E00004460C30002300F0B9FA238AA18AE28AFC
:1084F000891A48BF01EB4301A28889B2994228BF7B
:108500001946934202D3914238BFB0BD054620467A
:1085100000F00EF82846B0BD818AC28AB0F910007A
:10852000891A48BF01EB4001D0FA51F080B2704780
:10853000018A828AC38AD21A48BF02EB410292B2F0
:108540008A4238BF114619B1817809B142780AB11F
:1085500000207047B0B582B00546007801F0BEFC3F
:10856000002840D0A9682B4605F10C04B1B1DA8887
:108570002046002300F052FA2B465978E0B151BB57
:108580009A680546187899784FF0000CD2B12B46BE
:10859000CDF800C001F012FD1AE000BF188A998AD8
:1085A000DA8A891A48BF01EB400189B2814238BF9B
:1085B000084659780028E2D1A9B91878997801F0CD
:1085C000CFFC10E022462B46CDF800C001F03CFD68
:1085D0000146284641B94EF6F050CEF20000006840
:1085E000C00700D000BE002002B0B0BD10B582B000
:1085F000838AC48A02464FF0000031B1A34204D1FD
:1086000090880138084203D0002002B010BD00BF9E
:1086100091780029F8D050780028F5D110781446C8
:1086200001F05CFC0028EFD06078B0B9A368207836
:10863000A178224633B1002400220023009401F0E7
:10864000BDFC05E00C3200240023009401F0FCFC8A
:1086500000281EBF012002B010BD4EF6F050CEF231
:1086600000000068C007CFD000BECDE700214181E7
:1086700001817047B2F5004F05D80160002182806A
:108680008371418101810020B2F5004F98BF012024
:10869000704700002DE9F04F83B00C9E87889D1B2A
:1086A00048BF05EB470590462A043FD0AAB297423F
:1086B00006D23A46BB4228BF5242D6183D464681B2
:1086C0000D9A00BFB3B2BB420ED3F61BB3B2BB428E
:1086D0000AD3F61BB3B2BB4206D3F31B9EB2BE4213
:1086E000A3EB0706EED21E46ABB2A7EB060B434543
:1086F00038BF984602B3D0F800A01FFA8BF01AFAE0
:1087000086F9804532D91478CDF80080604200EABD
:108710000B001FFA80FCA44564D24B460D4662460E
:108720000004A4F1010840F0B080BAE04FF0000866
:10873000404603B0BDE8F08F03681FFA8BF213FACE
:1087400086F3904544D9054608460E461946A8EBDF
:108750000B04F7F77FFE16FA8BF02968A2B2F7F741
:1087600079FE404603B0BDE8F08F00BF1278404666
:10877000904503D24246000472D1D9E7D9F80030BF
:10878000801A0F4685B247F8043B954209EB020375
:1087900050D3801A87B259F8025097424D6051D396
:1087A000801A87B259F81250974202EB42078D6047
:1087B00050D359F80770801A1344CF6087B213441E
:1087C00003EB0209974201F11001D7D244E000BF48
:1087D000084619464246F7F73DFE404603B0BDE85D
:1087E000F08F00BF0D464B461A68001B2F4686B21D
:1087F00047F8042BA64203EB04021FD3001B87B2E9
:108800001E59A7426E6021D3001B87B253F8146033
:10881000A74204EB4407AE6030D3001B2244DB596F
:1088200087B22244EB601319A74205F11005DBD291
:1088300026E000BF994639460EE000BF13463D468C
:108840001EE000BF09EB4209083105E003EB4403D9
:10885000083515E00C31B94482B200043FF468AF2A
:108860000020029002A80C464946F7F7F3FD029853
:108870002060404603B0BDE8F08F00BF0C353B449C
:1088800082B20004A4F101080BD00020029002A8DB
:108890000F4619466646F7F7DDFD0298B44639469D
:1088A0002860009808EA0B05A0EB0B075FFA85FB30
:1088B000BBF1000F0CEB01085ED0A4EB0B0009EB41
:1088C0000C010DF1040986B248465A46F7F7C2FD7D
:1088D000B8B2B04238BF0646F6B22EB109EB0B0073
:1088E00051463246F7F7B6FD56FA85F2B14601A970
:1088F0004646A24234D300BF0868121B334695B2E5
:1089000043F8040BA54201EB04001BD3121B93B2E6
:108910000D59A342756019D3121B93B251F814502C
:10892000A342B56016D304EB4403121B2044C9587C
:1089300093B22044F1600119A34206F11006DBD284
:108940000CE000BF01461E4608E000BF01EB4401F9
:10895000083603E004EB44000C36014492B232B115
:108960000020029002A8F7F775FD0298306008F128
:108970000408A7EB0907CA44380449D0BAB2A24296
:108980003DD300BFDAF800003F1B4146BAB241F8C0
:10899000040BA2420AEB040020D33F1BB9B25AF8E1
:1089A0000420A142C8F804201CD33F1BB9B25AF8D6
:1089B0001420A142C8F808201AD304EB44013F1B3D
:1089C0005AF801102044C8F80C10B9B2204400EB4A
:1089D000040AA14208F11008D4D20EE0824688466B
:1089E0000BE000BF0AEB440A08F1080805E000BFED
:1089F00004EB440008F10C088244BAB242B10020F2
:108A0000029002A85146F7F725FD0298C8F8000029
:108A1000DDF80080404603B0BDE8F08F10B582B0AD
:108A20009C460389B0F80AE00446CDE900ECFFF764
:108A300031FEA188B4F80AC01FFA81FE0CEB0003D6
:108A40009AB2A3EB4101B2EB4E0F28BF0B469445FF
:108A500088BF0B46638102B010BD00002DE9F04FC6
:108A600087B0002A64D015460689428987798246F4
:108A70008088BFB1A84221D9B71A48BF07EB400789
:108A800015FA87F7B7EB400F1FD3471BBE18B7B2D5
:108A9000BA4200F2C9804200BA4298BFA6EB400633
:108AA00013E000BFB21A48BF02EB4002D0FA52F204
:108AB00092B2954228BF15463DB939E02F1A002BD6
:108AC00008BF39441646054695B3324697B28742E9
:108AD0000ED3121A97B287420AD3121A97B287425C
:108AE00006D3171ABAB28242A7EB0002EED23A4678
:108AF000A0EB020897B21FFA88F2FBB1DAF8000087
:108B0000954200EB07092BD91F78CDE90365784220
:108B100008EA00041FFA84FCBC4529D248460E46E8
:108B200062462504A7F1010540F09A80A4E000BF49
:108B30000025284607B0BDE8F08F00BFDAF8000036
:108B40009542384412D9A5EB080437460E46F7F78C
:108B500081FCDAF8000016FA88F1A2B23E46A3E1E1
:108B60001A78954234D22A46DDE000BF2A469BE1BE
:108B7000E6460E46484600BF354655F804CBE41B92
:108B8000A2B2C0F800C0BA4200EB070250D3E41B07
:108B9000A5B2D6F804C0BD4240F807C050D3E41BCC
:108BA000A5B2D6F808C0BD4207EB470540F817C08C
:108BB0004ED302EB070CF268E41B4251A2B2BC4454
:108BC0000CEB0700BA4206F11006D5D242E000BF16
:108BD000344628460F4657F8043B801A86B2C9F837
:108BE0000030964209EB020326D3801A87B24E6802
:108BF000974249F8026027D3801A87B28E6897425D
:108C000002EB420749F81260C0F08680CE68801AF5
:108C1000134449F8076087B2134403EB02099742F3
:108C200001F11001D6D279E0A6EB40064DE700BF76
:108C300010462E460EE000BF994639466EE000BF52
:108C400000EB4700083605E009EB4209083165E012
:108C50000C362844A2B2F4462504A7F101050BD036
:108C6000366806AC8B46214606961C466646F7F7E4
:108C7000F1FBB446594623460498A0EB080B05EADD
:108C800008005FFA80FEBEF1000F0CEB010815D062
:108C9000A7EB0E0189B21FFA8BF209EB0C068A4290
:108CA00038BF1146C9B251FA80F21D780191AA422B
:108CB000029307D205A8474647E000BFDAF8000054
:108CC000049DA3E0B14605A8474600BF394651F8C8
:108CD00004CB521B96B2C0F800C0AE4200EB0506B2
:108CE00026D3521B91B27C68A942445124D3521B13
:108CF00091B2BC68A94205EB450140F815401FD36D
:108D0000FC68521B2E44445091B22E447019A94263
:108D100007F11007DAD215E00C31B94482B22646C9
:108D2000002A00F0C380086806A906904846BBE008
:108D300030460F4606E000BF00EB4500083701E073
:108D40000C37084492B24E4632B1396874460691E7
:108D500006A9F7F77FFBA6460DF1140930464946F0
:108D6000724608F104087646F7F774FBDDF804C094
:108D7000049DBCF1000F43D0BCF1040F0CF00300C4
:108D800002D2002123E000BF0CF0FC0106EB090237
:108D90004942531C6FF003029F18DAF80040FD7837
:108DA00014442571DAF800503C7915446C71DAF8F6
:108DB00000507C791544AC71DAF80050BF79154445
:108DC00004328C180434EF71E6D1049D111DB8B142
:108DD0008A1919F80220DAF8003001285A540FD005
:108DE0004A1C931919F80330DAF800700228BB54B2
:108DF00006D0881C811919F80110DAF800201154E6
:108E0000DAF80000029BABEB0C0B6044039E5FEAB8
:108E10000B414BD019781FFA8BF28A4240D300BF26
:108E2000434653F8042BABEB010B1FFA8BF70260A0
:108E30008F4200EB010223D3ABEB010B1FFA8BF344
:108E4000D8F804708B4247501ED3ABEB010B1FFACE
:108E50008BF3D8F808708B4201EB410340F8117096
:108E600018D3D8F80C70ABEB010B0A44C7501FFAAB
:108E70008BF30A4450188B4208F11008D0D20CE052
:108E80001046984609E000BF00EB410008F10808D1
:108E900003E000BF08F10C0818441FFA8BF22AB156
:108EA000D8F80010069106A9F7F7D4FABAF804002A
:108EB00071198AB283B2A1EB4000B2EB430F28BF15
:108EC0000146B3B2934288BF0146AAF8081028466B
:108ED00007B0BDE8F08F000010B582B0002B14BFC2
:108EE00093F800E04FF0040E724503D213461204CB
:108EF00038D13FE0034653F804CBA2EB0E0294B204
:108F0000C1F800C0744501EB0E0C1FD3A2EB0E029A
:108F100093B24468734541F80E401DD3A2EB0E0294
:108F200093B2846873450EEB4E0341F81E4023D381
:108F3000C468A2EB0E02F444CC5093B2F4440CEBA0
:108F40000E01734500F11000D4D208E061461846C6
:108F500093B2120406D10DE001EB4E01083093B23A
:108F6000120407D0006801AA0190084611461A466B
:108F7000F7F770FA02B010BD0C30194493B2120426
:108F8000F0D1F7E7F0B581B0002B074614BF187891
:108F90000420824204D21346100433D13AE000BFC9
:108FA0000B68121A3C4695B244F8043B854201EB2B
:108FB00000031BD3121A95B20C5885427C601BD358
:108FC000121A95B251F8106000EB40048542BE6061
:108FD00022D3121A0344095996B20344F9601918AE
:108FE000864207F11007DBD209E000BF1946274689
:108FF00093B2100406D10DE001EB4001083793B2A3
:10900000100407D00020009068461A46F7F722FAAD
:109010000098386001B0F0BD0C37214493B21004C1
:10902000F0D1F7E780B582B0D1F800C04B6840F2CC
:109030009802C2F200024FF0000EC2E900C3C2E97A
:1090400002EE0978802222EA010100220023CDF8F5
:1090500000E000F0B3FF02B080BD0000F0B581B0C9
:109060000D684F6840F29806C2F20006C6E9005744
:10907000CC884FF0000CA3422746B260A6F80EC081
:1090800038BF1F46B7816CB112BB0BB34EF6F05020
:10909000CEF200000068C00700D000BE002001B082
:1090A000F0BD00BF0978802222EA010100220023DE
:1090B000CDF800C000F082FF60BB4EF6F050CEF25B
:1090C00000000068C007E9D000BE002001B0F0BD7C
:1090D0006DB2402F28BF402705F080017BB1B5F16C
:1090E000FF3F0CDCD2B106F11401054608461146DB
:1090F0003A461C46F7F7AEF9234628468021002B56
:1091000018BF06F1140300261A463B46009600F0ED
:1091100055FF18B1012001B0F0BD00BF4EF6F05070
:10912000CEF200000068C007B8D000BE002001B039
:10913000F0BD0000002070474AF26C10C0F600003D
:10914000704700004AF2D210C0F6000070470000DD
:10915000002070470020704750B3042884BF0020CF
:109160007047B0B525A151F820E09EF800207AB3F1
:1091700040F20C2C0020C2F2000C00BF0CEB4003AC
:10918000D1B259800EEB0002517819B399809478CE
:10919000851C0CB3C11C1D2DDC801FD8D478ECB10C
:1091A00004301D291C811AD81279002AE6D116E054
:1091B00040F20C20C2F2000040F2094141804FF41D
:1091C000417140F20C20C2F200000180704700BFE4
:1091D000022107E0013002E0284600E008460221B3
:1091E00001EB4001032060F31F21BDE8B04040F2D5
:1091F0000C20C2F200000180704700BF06A10008E9
:10920000E9A10008EDA10008E4A10008F7A1000809
:109210007047000000EB400040F24C21C2F2000118
:1092200001EB8010018F828FC38FD21A48BF02EBEF
:109230004102037B407B92B2C01A8A4238BF11467A
:1092400051FA80F07047000000EB400040F24C21E2
:10925000C2F2000101EB8010817C90F82A00002905
:1092600018BF0121C0B2002818BF01200840704774
:1092700000EB400040F24C22C2F2000202EB8010F0
:10928000827C002A04BF00207047B0B500F11004B2
:1092900020460D46FFF740F904280BD32046294607
:1092A0000422FFF717F928B12046FFF741F9012002
:1092B000B0BD00BF0020B0BD2DE9F04F81B0002A45
:1092C0004FF000051CBF1C46002B03D1284601B0FF
:1092D000BDE8F08F00EB400040F24C21C2F20001EB
:1092E00001EB8010164600F1080900F1280800F192
:1092F000090A407B0EE000BF5944CAB2C3B2934290
:1093000089F8041004BF0020A9F804003D44E41BC0
:109310003E44DBD0010621D1404649460422FFF7F6
:1093200069F80428D2D199F8000000F00F000F2846
:1093300010D8012101FA00F043F24401084201D0A3
:10934000022009E048F22001084201D0012003E098
:1093500080071BD1032000BF89F8050099F804108D
:10936000C2B2A2EB010BA34528BFA3465FFA8BF75D
:10937000002FC1D0BC4209D3514430463A46F7F7DA
:1093800069F899F8041099F80500B5E70025284612
:1093900001B0BDE8F08F00002DE9F04F83B000EB85
:1093A000400040F24C27C2F2000707EB8016B07C69
:1093B000A0B1994606F11005002B4FF0000A00F00D
:1093C000A1804FEA011B0BF10F009046B71C0190E2
:1093D0000BF10500002402901DE000BF0024204690
:1093E00003B0BDE8F08F00BF029838700221F17120
:1093F00057FA81F0C1F10401C9B2F7F770F82846B5
:1094000039460422FFF766F80428A6F806A040F0C3
:109410009180A14578D02846FFF77EF8042874D3C0
:10942000B17918F9040004F10104B9B1042973D227
:109430007854B378B27903F00F03511C042BB17147
:1094400008BF10F1090015D0F079C9B28142014678
:10945000DFD1C8B20428CBD3D1E700BFB178022254
:1094600001F00F010429B271F0700DD10930BBD0A9
:1094700004221AE0101D40EA0B00B070F171C8B26E
:109480000428B5D3BBE700BFC1B2090910F1400FF2
:109490004FF0040206DB0E2904D020F01F024032F8
:1094A00006D1032241EA0B003870F271B1E700BF28
:1094B0000F2905D110F1100108D10420042116E074
:1094C0000198A6F804A0B07090E700BF20F0020158
:1094D0000F3103D10221032009E000BF0E304FF00D
:1094E00002004FF0050108BF042008BF032141EA34
:1094F0000B01F071B1700221C9B2814201467FF4C3
:1095000088AFA6E7002400E04C462846FFF710F895
:10951000204603B0BDE8F08F4EF6F050CEF20000CA
:109520000068C0073FF45BAF00BE204603B0BDE853
:10953000F08F00BF4EF6F050CEF200000068C0077A
:109540003FF44DAF00BE204603B0BDE8F08F0000F1
:10955000704700007047000040F28810C2F200001F
:10956000007C002818BF012070470000FFF7F4BFFF
:109570002DE9F04740F21806C2F200063278FF2AC1
:1095800002D00120BDE8F087002941D040F28817C1
:10959000C2F200078246884607F10C003721F6F731
:1095A000C0FF0020387006F10C00FFF75FF8301D97
:1095B0007860781C00F0C0FB7978B860FF293FD054
:1095C0004AF238190025C0F600090024C8B28442C6
:1095D00004D2B86840B3284402E000BF484623D113
:1095E000406808B3804779780134481CC0B284428F
:1095F00005F12405EAD35046414686F800A0FDF760
:1096000091FA48B35046FDF7AFFA0120BDE8F08764
:109610004EF6F050CEF200000068C00723D00020C4
:1096200000BEBDE8F08700BF4EF6F050CEF200005D
:109630000068C00717D0002000BEBDE8F08700BF5B
:109640004EF6F050CEF200000068C0070BD00020AC
:1096500000BEBDE8F08700BF4EF6F050CEF200002D
:109660000068C00702D10020BDE8F087002000BEDE
:10967000BDE8F08770470000704700002DE9F04F0B
:1096800087B040F21805C2F200052878FF2800F0E4
:109690001E8303AE40F2881A301DC2F2000A4AF25D
:1096A000381B01900AF10C004FF0FF39C0F6000B97
:1096B0004FF0000802900DE09DF80C009DF811207D
:1096C000059B00F05DFB00BF08F10108B8F1100F29
:1096D00000F0FD826968DAF80440002088472A8992
:1096E00004F1080031460023FFF798F9696807463E
:1096F00001208847002F00F0EA829DF80D00013814
:10970000072800F2DF80DFE800F0054D31392971CC
:10971000B54500BF9AF80100FF2800F0DD809DF8F4
:109720000C70002600240FE0584640F00B81C16801
:10973000384688479AF801000134411CC9B28C426E
:1097400006F1240680F0C880C0B28442ECD2DAF878
:109750000800002800F0F6803044E8E79AF80C0092
:109760000028B1D0FFF702FFAEE700BF9AF8120061
:10977000C007A9D00498FFF77DFFA5E79AF80C0071
:109780000028A1D09AF80F00C0F34000FFF774FF43
:109790009AE700BF049900293FF496AF05988847DF
:1097A00092E700BF9AF80100FF2800F0B1809DF811
:1097B0000C70002600240FE0584640F0CD80C168B0
:1097C000384688479AF801000134411CC9B28C42DE
:1097D00006F1240680F09C80C0B28442ECD2DAF814
:1097E0000800002800F0B8803044E8E79AF800004C
:1097F000002800F059829AF8000001388AF8000029
:109800009AF8000000287FF45FAF01208AF80C006E
:109810009AF8330000F0FE008AF833009AF833001B
:1098200000F0FB008AF833009AF8340000F0FE00E4
:109830008AF834009AF8340000F0FB008AF834000B
:109840009DF80C70002000F089FA9DF81020C2F3FA
:109850004110022800F09680032840F0A3804EF6C5
:10986000F050CEF200000068C00700F0128200BE87
:109870000FE200BF9DF8101011F00F000AEB40003E
:1098800000EBD11292F8333003F0FE0382F833304C
:1098900092F8333003F0FB0382F833303FF40CAF1F
:1098A000CA09104490F823009AF8012090425DD232
:1098B000DAF80820002A00F0038200EBC00002EB77
:1098C000800056E04EF6F050CEF200000068C0076F
:1098D0003FF4FAAE00BEF7E602983721F6F721FE14
:1098E000CAF82F90CAF82B90CAF82790CAF823908C
:1098F000CAF81F90CAF81B90CAF81790CAF81390BC
:1099000000F020FA9DF8100003AE8AF81100DBE6A3
:1099100002983721F6F705FECAF82F90CAF82B9067
:10992000CAF82790CAF82390CAF81F90CAF81B906B
:10993000CAF81790CAF8139000F004FA00F0CEF9B4
:1099400003AEC1E64EF6F050CEF200000068C0074C
:10995000D6D000BED4E700BF4EF6F050CEF20000E5
:109960000068C007E8D000BEE6E700BF584640F0F8
:10997000A78187699DF80C009DF81120059BB847C9
:10998000A2E600BF49F6E140C0F6000000F0E6F9AB
:10999000019A3846012100F0A3F900287FF494AE23
:1099A00077E100BF02F01F01022937D001291DD045
:1099B000002959D101286BD1BDF8140010F0F00F27
:1099C00040F0678100F00F005044C07C9AF801100D
:1099D000884280F0A380DAF80810002900F059814D
:1099E00000EBC00001EB80049BE000BFBDF8140059
:1099F00010F0F00F40F04D8100F00F005044C07C9B
:109A00009AF80110884253D2DAF80810002900F0C1
:109A1000408100EBC00001EB80044CE0BDF8141065
:109A200001F00F00082829D20AEB4003C9B203EB6A
:109A3000D1139AF8016093F82330DAF808C003EBE9
:109A4000C304B3424FF0000308BF5B4638BF0CEBC2
:109A5000840312F0600F4DD0002B03AE00F019818B
:109A600058691C465EE000BF4EF6F050CEF2000092
:109A70000068C00700F00D8100BE0AE14EF6F0500C
:109A8000CEF200000068C00700F0038100BE00E1D4
:109A90009DF8110009284DD8DFE800F006784CA8A1
:109AA0004CB4C04C568400BF9AF80F0063E000BF6E
:109AB0005C4640F0EE80606900F050F96369019AFD
:109AC00038460121984700287FF4FEAD9DF810002C
:109AD00010F0600F40F0DD80002000F03FF99DF8AD
:109AE00011000B2800F0C4800A2840F0D28000202A
:109AF0002CE000BF9DF81120032A18BF012A2FD1A6
:109B0000BDF8120003AE002840F09B801C460020E8
:109B1000012A40F0938000F0EFF991E05C4640F0BC
:109B2000B880606900F01AF96369019A384601212A
:109B3000984732E74EF6F050CEF200000068C007BA
:109B400000F0A78000BEA4E09AF8100001998DF8FB
:109B50001A0038460DF11A020123FFF77FFAB3E528
:109B6000002A03AE60D10AEB4000C909084490F80E
:109B70003300C0F340000199ADF81A0038460DF1EA
:109B80001A020223FFF76AFA9EE500BFBDF8120031
:109B9000012840F07E809AF80F0000F0FD008AF85E
:109BA0000F0065E09DF812109AF8100088425FD00F
:109BB00078B1384600910021FDF7AEF93846FCF740
:109BC00093FA9AF811403846FCF7E2F900998AF8BE
:109BD000114000298AF8101048D03846FEF706FADE
:109BE00000284BD0FFF7B6FC42E000BFBDF81200E2
:109BF00001284ED19AF80F0040F002008AF80F00B9
:109C000036E000BF019800F0AFF89DF8121038461A
:109C1000FDF776F901208AF80D0055E501993846DF
:109C2000FEF78CF9B9E600BF4EF6F050CEF2000018
:109C30000068C0072DD000BE2BE000BF00F09EF9E9
:109C40002346002B3FF440AD58691C4600F086F8CF
:109C50006369019A384601219847002000F07EF898
:109C60009AF83400C0077FF42FAD01E000F036F819
:109C700001993846FFF7D6F926E500BF00208AF89B
:109C800010004EF6F050CEF200000068C00700D081
:109C900000BE9DF80C000021FCF702FB9DF80C00B3
:109CA0008021FCF7FDFA0FE54EF6F050CEF20000F1
:109CB0000068C0070BD000BE07B0BDE8F08F00BF42
:109CC0004EF6F050CEF200000068C00702D107B097
:109CD000BDE8F08F00BE07B0BDE8F08F7047000010
:109CE0000020704780B501280ED80A7862B140F292
:109CF0000C33C2F200031A540A78012A02D1FFF78A
:109D000037FC78B1012080BD4EF6F050CEF2000055
:109D10000068C00702D1002080BD00BF002000BE47
:109D200080BD00BF4EF6F050CEF200000068C007C4
:109D3000F1D000BE002080BD0146002200200A7044
:109D40007047000040F29800C2F200000021C0E914
:109D50000011C0E9021101617047000040F2980152
:109D6000C2F20001086170470168406840F2980241
:109D7000C2F200020023C2E90010C2E902337047B8
:109D80002DE9F04381B040F29804C2F2000494F946
:109D90000020514049B2B1F1FF3F4FDD002A0CD401
:109DA000A268002A45D004F11401054610461A465F
:109DB0001E46F6F74FFB33462846E189A268CD18C8
:109DC000D118402BE581A16046D3E388AEB2B342FF
:109DD00042D0A7894FF000087B1B9BB2402B28BFC5
:109DE000402394F90050B5F1FF3F4FF000050DDC22
:109DF000B7420AD0AAB104F11402814610461A46AD
:109E00001D46F6F727FB2B4648468025BA1B2946F8
:109E100018BF04F11402CDF8008000F0CFF800283C
:109E20004BD14EF6F050CEF200000068C00700D0D3
:109E300000BE002001B0BDE8F08300BF83B34EF642
:109E4000F050CEF200000068C007F2D000BE002043
:109E500001B0BDE8F08300BF23694BB140F2980226
:109E6000C2F200020221054698470146284649B33E
:109E700021788022002722EA010100220023009796
:109E800000F09CF8C8B94EF6F050CEF20000006821
:109E9000C007CED000BE002001B0BDE8F08300BFF7
:109EA00021460546FCF7C0F8236933B140F2980219
:109EB0002846C2F2000203219847012001B0BDE804
:109EC000F08300BF00210446FCF7EAF92046802118
:109ED000FCF7E6F9012001B0BDE8F08340F28812FA
:109EE00001F00F00C2F2000202EB400000EBD110C3
:109EF00000213330FEF73ABA10B540F21800C2F232
:109F0000000000780C46FCF7A9F840F2881104F034
:109F10000F00C2F2000101EB400000EBD41090F8FA
:109F2000331001F0FD0180F8331090F8331001F088
:109F3000FE0180F8331010BD8878000706D440F287
:109F40001800C2F200000078FCF704B94EF6F05099
:109F5000CEF200000068C00700D000BE00207047AD
:109F600040F2881201F00F00C2F2000202EB400042
:109F700000EBD11000213330FEF70CBA10B540F2DF
:109F80001800C2F2000000780C46FCF789F940F294
:109F9000881104F00F00C2F2000101EB400000EB59
:109FA000D41090F8331041F0020180F8331090F88B
:109FB000331041F0010180F8331010BDB0B582B00C
:109FC00040F2881401F00F00C2F2000404EB4000DC
:109FD00040F2180C00EBD115C2F2000C9CF8000006
:109FE00015F833CF5FEACC7422D12C78DDF818C095
:109FF00044F001042C70CDF800C0FCF78FF9002864
:10A000001EBF012002B0B0BD287800F0FE0028700D
:10A01000287800F0FB0028704EF6F050CEF20000D9
:10A020000068C00700D000BE002002B0B0BD00BF75
:10A030004EF6F050CEF200000068C007F4D000BE2B
:10A04000002002B0B0BD0000B0B582B040F288146C
:10A0500001F00F00C2F2000404EB400040F2180CC3
:10A0600000EBD115C2F2000C9CF8000015F833CFBC
:10A070005FEACC7422D12C78DDF818C044F00104DA
:10A080002C70CDF800C0FCF79FF900281EBF0120FE
:10A0900002B0B0BD287800F0FE002870287800F0EB
:10A0A000FB0028704EF6F050CEF200000068C007AA
:10A0B00000D000BE002002B0B0BD00BF4EF6F05090
:10A0C000CEF200000068C007F4D000BE002002B04D
:10A0D000B0BD0000014640F21800C2F20000007856
:10A0E000002908BFFCF734BDFCF73EBDF1EE100AB5
:10A0F0004FF6FF71C0F2C03120EA010040F040701D
:10A10000E1EE100A704709040000000000000000A2
:10A11000010203040607080900000000010203040D
:10A12000010002000400060008000A000C001000F4
:10A130002000400080000001000000007D7C00083D
:10A14000797C00083D7E0008C97C0008757C000809
:10A15000697E000800000000000000003C3E404115
:10A16000434547484A4C4D4F5153545609026500E8
:10A1700002010080320904000000010100040924EA
:10A1800001000109000101090401000201030000AE
:10A1900007240100014100062402010100062402F7
:10A1A0000202000924030103010201000924030241
:10A1B000040101010009050102400000000005251D
:10A1C000010101090581024000000000052501018F
:10A1D00003001201000200000040FECA014000011D
:10A1E0000102030130303031004441450053544DE9
:10A1F0003332483533332054696E79555342204DFC
:10A200004944490028A2000800000020380000004E
:10A21000B802000860A2000838000020080F000003
:10A22000D802000800000000FFFFFFFF0F0F0F0F14
:10A230000F0F0F0F0F0F0F0F010000001000000095
:10A24000FF000000D5A000080C0000000E03002055
:10A25000C000000000000000004400400090D00357
:040000050800025598
:00000001FF
